URI,ASN,IP Prefix,Max Length,Not Before,Not After
"rsync://repository.lacnic.net/rpki/lacnic/c4e5b432-fce8-4b55-b4d7-a022075b4d76/9d5a36a609eca0d1b9f134c758f6158d9944f7de.roa",AS27808,2800:38::/32,128,2013-03-21 16:14:33,2018-03-21 16:14:33
"rsync://repository.lacnic.net/rpki/lacnic/c4e5b432-fce8-4b55-b4d7-a022075b4d76/e89dd821b61902b84474e0333a559b3330687d30.roa",AS27808,200.0.65.0/24,32,2013-03-21 16:14:33,2018-03-21 16:14:33
"rsync://repository.lacnic.net/rpki/lacnic/704efee0-da21-48ba-a890-88e36b1e7de6/1415fb0850cd48e9954184ffd9acfa12609b4d5f.roa",AS6568,200.87.0.0/17,24,2013-03-21 16:20:56,2018-03-21 16:20:56
"rsync://repository.lacnic.net/rpki/lacnic/704efee0-da21-48ba-a890-88e36b1e7de6/1415fb0850cd48e9954184ffd9acfa12609b4d5f.roa",AS6568,200.87.128.0/17,24,2013-03-21 16:20:56,2018-03-21 16:20:56
"rsync://repository.lacnic.net/rpki/lacnic/704efee0-da21-48ba-a890-88e36b1e7de6/1415fb0850cd48e9954184ffd9acfa12609b4d5f.roa",AS6568,190.129.0.0/17,24,2013-03-21 16:20:56,2018-03-21 16:20:56
"rsync://repository.lacnic.net/rpki/lacnic/704efee0-da21-48ba-a890-88e36b1e7de6/1415fb0850cd48e9954184ffd9acfa12609b4d5f.roa",AS6568,190.129.128.0/17,24,2013-03-21 16:20:56,2018-03-21 16:20:56
"rsync://repository.lacnic.net/rpki/lacnic/704efee0-da21-48ba-a890-88e36b1e7de6/1415fb0850cd48e9954184ffd9acfa12609b4d5f.roa",AS6568,2800:cd0::/32,32,2013-03-21 16:20:56,2018-03-21 16:20:56
"rsync://repository.lacnic.net/rpki/lacnic/f22c2a9a-7d06-4a4a-a638-52a5d235b97f/971d6002644c75be88a6d07874e17754a36841c1.roa",AS6057,201.221.48.0/20,24,2013-03-21 17:09:56,2018-03-21 17:09:56
"rsync://repository.lacnic.net/rpki/lacnic/f22c2a9a-7d06-4a4a-a638-52a5d235b97f/971d6002644c75be88a6d07874e17754a36841c1.roa",AS6057,201.221.32.0/20,24,2013-03-21 17:09:56,2018-03-21 17:09:56
"rsync://repository.lacnic.net/rpki/lacnic/f22c2a9a-7d06-4a4a-a638-52a5d235b97f/971d6002644c75be88a6d07874e17754a36841c1.roa",AS6057,201.217.160.0/19,24,2013-03-21 17:09:56,2018-03-21 17:09:56
"rsync://repository.lacnic.net/rpki/lacnic/f22c2a9a-7d06-4a4a-a638-52a5d235b97f/971d6002644c75be88a6d07874e17754a36841c1.roa",AS6057,201.217.128.0/19,24,2013-03-21 17:09:56,2018-03-21 17:09:56
"rsync://repository.lacnic.net/rpki/lacnic/f22c2a9a-7d06-4a4a-a638-52a5d235b97f/971d6002644c75be88a6d07874e17754a36841c1.roa",AS6057,200.125.48.0/20,24,2013-03-21 17:09:56,2018-03-21 17:09:56
"rsync://repository.lacnic.net/rpki/lacnic/f22c2a9a-7d06-4a4a-a638-52a5d235b97f/971d6002644c75be88a6d07874e17754a36841c1.roa",AS6057,200.125.32.0/20,24,2013-03-21 17:09:56,2018-03-21 17:09:56
"rsync://repository.lacnic.net/rpki/lacnic/f22c2a9a-7d06-4a4a-a638-52a5d235b97f/971d6002644c75be88a6d07874e17754a36841c1.roa",AS6057,200.125.16.0/20,24,2013-03-21 17:09:56,2018-03-21 17:09:56
"rsync://repository.lacnic.net/rpki/lacnic/f22c2a9a-7d06-4a4a-a638-52a5d235b97f/971d6002644c75be88a6d07874e17754a36841c1.roa",AS6057,200.125.0.0/20,24,2013-03-21 17:09:56,2018-03-21 17:09:56
"rsync://repository.lacnic.net/rpki/lacnic/f22c2a9a-7d06-4a4a-a638-52a5d235b97f/971d6002644c75be88a6d07874e17754a36841c1.roa",AS6057,200.40.240.0/20,24,2013-03-21 17:09:56,2018-03-21 17:09:56
"rsync://repository.lacnic.net/rpki/lacnic/f22c2a9a-7d06-4a4a-a638-52a5d235b97f/971d6002644c75be88a6d07874e17754a36841c1.roa",AS6057,200.40.224.0/20,24,2013-03-21 17:09:56,2018-03-21 17:09:56
"rsync://repository.lacnic.net/rpki/lacnic/f22c2a9a-7d06-4a4a-a638-52a5d235b97f/971d6002644c75be88a6d07874e17754a36841c1.roa",AS6057,200.40.192.0/19,24,2013-03-21 17:09:56,2018-03-21 17:09:56
"rsync://repository.lacnic.net/rpki/lacnic/f22c2a9a-7d06-4a4a-a638-52a5d235b97f/971d6002644c75be88a6d07874e17754a36841c1.roa",AS6057,200.40.128.0/18,24,2013-03-21 17:09:56,2018-03-21 17:09:56
"rsync://repository.lacnic.net/rpki/lacnic/f22c2a9a-7d06-4a4a-a638-52a5d235b97f/971d6002644c75be88a6d07874e17754a36841c1.roa",AS6057,200.40.0.0/17,24,2013-03-21 17:09:56,2018-03-21 17:09:56
"rsync://repository.lacnic.net/rpki/lacnic/f22c2a9a-7d06-4a4a-a638-52a5d235b97f/971d6002644c75be88a6d07874e17754a36841c1.roa",AS6057,200.2.32.0/19,24,2013-03-21 17:09:56,2018-03-21 17:09:56
"rsync://repository.lacnic.net/rpki/lacnic/f22c2a9a-7d06-4a4a-a638-52a5d235b97f/971d6002644c75be88a6d07874e17754a36841c1.roa",AS6057,190.134.0.0/15,24,2013-03-21 17:09:56,2018-03-21 17:09:56
"rsync://repository.lacnic.net/rpki/lacnic/f22c2a9a-7d06-4a4a-a638-52a5d235b97f/971d6002644c75be88a6d07874e17754a36841c1.roa",AS6057,190.133.0.0/16,24,2013-03-21 17:09:56,2018-03-21 17:09:56
"rsync://repository.lacnic.net/rpki/lacnic/f22c2a9a-7d06-4a4a-a638-52a5d235b97f/971d6002644c75be88a6d07874e17754a36841c1.roa",AS6057,190.132.0.0/16,24,2013-03-21 17:09:56,2018-03-21 17:09:56
"rsync://repository.lacnic.net/rpki/lacnic/f22c2a9a-7d06-4a4a-a638-52a5d235b97f/971d6002644c75be88a6d07874e17754a36841c1.roa",AS6057,190.64.128.0/17,24,2013-03-21 17:09:56,2018-03-21 17:09:56
"rsync://repository.lacnic.net/rpki/lacnic/f22c2a9a-7d06-4a4a-a638-52a5d235b97f/971d6002644c75be88a6d07874e17754a36841c1.roa",AS6057,190.64.0.0/17,24,2013-03-21 17:09:56,2018-03-21 17:09:56
"rsync://repository.lacnic.net/rpki/lacnic/f22c2a9a-7d06-4a4a-a638-52a5d235b97f/971d6002644c75be88a6d07874e17754a36841c1.roa",AS6057,190.0.128.0/19,24,2013-03-21 17:09:56,2018-03-21 17:09:56
"rsync://repository.lacnic.net/rpki/lacnic/f22c2a9a-7d06-4a4a-a638-52a5d235b97f/971d6002644c75be88a6d07874e17754a36841c1.roa",AS6057,186.52.0.0/14,24,2013-03-21 17:09:56,2018-03-21 17:09:56
"rsync://repository.lacnic.net/rpki/lacnic/f22c2a9a-7d06-4a4a-a638-52a5d235b97f/971d6002644c75be88a6d07874e17754a36841c1.roa",AS6057,186.48.0.0/14,24,2013-03-21 17:09:56,2018-03-21 17:09:56
"rsync://repository.lacnic.net/rpki/lacnic/f22c2a9a-7d06-4a4a-a638-52a5d235b97f/971d6002644c75be88a6d07874e17754a36841c1.roa",AS6057,2800:a0::/28,48,2013-03-21 17:09:56,2018-03-21 17:09:56
"rsync://repository.lacnic.net/rpki/lacnic/160ea072-d1c1-4487-9bac-9394c753df9b/40e3e7eec5f422abfbb4d3457634a11742f899c9.roa",AS11815,179.60.0.0/19,24,2013-03-21 03:00:00,2018-03-21 03:00:00
"rsync://repository.lacnic.net/rpki/lacnic/160ea072-d1c1-4487-9bac-9394c753df9b/40e3e7eec5f422abfbb4d3457634a11742f899c9.roa",AS11815,190.11.32.0/20,24,2013-03-21 03:00:00,2018-03-21 03:00:00
"rsync://repository.lacnic.net/rpki/lacnic/160ea072-d1c1-4487-9bac-9394c753df9b/40e3e7eec5f422abfbb4d3457634a11742f899c9.roa",AS11815,190.11.48.0/20,24,2013-03-21 03:00:00,2018-03-21 03:00:00
"rsync://repository.lacnic.net/rpki/lacnic/160ea072-d1c1-4487-9bac-9394c753df9b/40e3e7eec5f422abfbb4d3457634a11742f899c9.roa",AS11815,190.106.120.0/21,24,2013-03-21 03:00:00,2018-03-21 03:00:00
"rsync://repository.lacnic.net/rpki/lacnic/160ea072-d1c1-4487-9bac-9394c753df9b/40e3e7eec5f422abfbb4d3457634a11742f899c9.roa",AS11815,200.3.168.0/21,24,2013-03-21 03:00:00,2018-03-21 03:00:00
"rsync://repository.lacnic.net/rpki/lacnic/160ea072-d1c1-4487-9bac-9394c753df9b/40e3e7eec5f422abfbb4d3457634a11742f899c9.roa",AS11815,2001:13e8::/32,35,2013-03-21 03:00:00,2018-03-21 03:00:00
"rsync://repository.lacnic.net/rpki/lacnic/3bcb065a-0013-45e0-9256-16ae6ae13c97/38c16598932f6033c8cc6739a12980386a6a85b2.roa",AS32934,179.60.192.0/22,22,2013-08-13 03:00:00,2015-08-13 03:00:00
"rsync://repository.lacnic.net/rpki/lacnic/3bcb065a-0013-45e0-9256-16ae6ae13c97/38c16598932f6033c8cc6739a12980386a6a85b2.roa",AS32934,2803:6080::/32,32,2013-08-13 03:00:00,2015-08-13 03:00:00
"rsync://repository.lacnic.net/rpki/lacnic/e9bf0eb2-c167-420f-a082-c33401de68ae/1ada54f8bf6a2ff437fc3bfb2c5a5bf03650de0b.roa",AS13489,181.128.0.0/13,19,2013-05-10 03:00:00,2015-05-10 03:00:00
"rsync://repository.lacnic.net/rpki/lacnic/e9bf0eb2-c167-420f-a082-c33401de68ae/1ada54f8bf6a2ff437fc3bfb2c5a5bf03650de0b.roa",AS13489,201.184.0.0/15,19,2013-05-10 03:00:00,2015-05-10 03:00:00
"rsync://repository.lacnic.net/rpki/lacnic/e9bf0eb2-c167-420f-a082-c33401de68ae/261719b2816de512d34e0f73210ef196c3108b47.roa",AS13489,190.70.0.0/17,24,2013-05-10 03:00:00,2015-05-10 03:00:00
"rsync://repository.lacnic.net/rpki/lacnic/e9bf0eb2-c167-420f-a082-c33401de68ae/3a0f5eca769ffad8cc2f4cf12191660273003d42.roa",AS13489,2800:e0::/28,48,2013-05-10 03:00:00,2015-05-10 03:00:00
"rsync://repository.lacnic.net/rpki/lacnic/e9bf0eb2-c167-420f-a082-c33401de68ae/46eb93326f7c04c0a49bece5e969b4c77ae3fdfd.roa",AS13489,190.0.0.0/19,19,2013-05-10 03:00:00,2015-05-10 03:00:00
"rsync://repository.lacnic.net/rpki/lacnic/e9bf0eb2-c167-420f-a082-c33401de68ae/46eb93326f7c04c0a49bece5e969b4c77ae3fdfd.roa",AS13489,190.0.32.0/19,19,2013-05-10 03:00:00,2015-05-10 03:00:00
"rsync://repository.lacnic.net/rpki/lacnic/e9bf0eb2-c167-420f-a082-c33401de68ae/7142b3d1aa0f07b15a13a9c1480bc8394a4558b8.roa",AS13489,190.71.0.0/16,18,2013-05-10 03:00:00,2015-05-10 03:00:00
"rsync://repository.lacnic.net/rpki/lacnic/e9bf0eb2-c167-420f-a082-c33401de68ae/7142b3d1aa0f07b15a13a9c1480bc8394a4558b8.roa",AS13489,190.240.64.0/18,18,2013-05-10 03:00:00,2015-05-10 03:00:00
"rsync://repository.lacnic.net/rpki/lacnic/e9bf0eb2-c167-420f-a082-c33401de68ae/7b9f6d1de81d88b00f81411e3a0546f5213fe8c4.roa",AS13489,200.116.0.0/17,24,2013-05-10 03:00:00,2015-05-10 03:00:00
"rsync://repository.lacnic.net/rpki/lacnic/1d05e393-450c-4340-ba3f-8ad6b5138377/0242c69239b3ae02b63c117aa49c377a09aa2d2f.roa",AS14522,2800:9a0::/32,48,2013-03-21 16:23:14,2018-03-21 16:23:14
"rsync://repository.lacnic.net/rpki/lacnic/527707b9-94dd-4c2e-bf65-817937058dd7/6bb75898b5831c0d8f007d8bc72922ec9670436a.roa",AS22833,190.62.0.0/16,22,2013-05-06 03:00:00,2015-05-06 03:00:00
"rsync://repository.lacnic.net/rpki/lacnic/527707b9-94dd-4c2e-bf65-817937058dd7/6bb75898b5831c0d8f007d8bc72922ec9670436a.roa",AS22833,190.86.0.0/16,24,2013-05-06 03:00:00,2015-05-06 03:00:00
"rsync://repository.lacnic.net/rpki/lacnic/527707b9-94dd-4c2e-bf65-817937058dd7/6bb75898b5831c0d8f007d8bc72922ec9670436a.roa",AS22833,190.87.0.0/16,22,2013-05-06 03:00:00,2015-05-06 03:00:00
"rsync://repository.lacnic.net/rpki/lacnic/527707b9-94dd-4c2e-bf65-817937058dd7/6bb75898b5831c0d8f007d8bc72922ec9670436a.roa",AS22833,201.247.0.0/17,23,2013-05-06 03:00:00,2015-05-06 03:00:00
"rsync://repository.lacnic.net/rpki/lacnic/527707b9-94dd-4c2e-bf65-817937058dd7/6bb75898b5831c0d8f007d8bc72922ec9670436a.roa",AS22833,201.247.128.0/19,24,2013-05-06 03:00:00,2015-05-06 03:00:00
"rsync://repository.lacnic.net/rpki/lacnic/527707b9-94dd-4c2e-bf65-817937058dd7/6bb75898b5831c0d8f007d8bc72922ec9670436a.roa",AS22833,201.247.160.0/19,20,2013-05-06 03:00:00,2015-05-06 03:00:00
"rsync://repository.lacnic.net/rpki/lacnic/527707b9-94dd-4c2e-bf65-817937058dd7/6bb75898b5831c0d8f007d8bc72922ec9670436a.roa",AS22833,201.247.192.0/18,20,2013-05-06 03:00:00,2015-05-06 03:00:00
"rsync://repository.lacnic.net/rpki/lacnic/527707b9-94dd-4c2e-bf65-817937058dd7/6bb75898b5831c0d8f007d8bc72922ec9670436a.roa",AS22833,2800:b20::/30,30,2013-05-06 03:00:00,2015-05-06 03:00:00
"rsync://repository.lacnic.net/rpki/lacnic/7aaabf57-1856-41cb-b96a-ff696409fa09/19bd005cf45354f2409c0ecdda55c72e4e55d820.roa",AS262249,200.108.145.0/24,24,2013-04-11 03:00:00,2015-04-11 03:00:00
"rsync://repository.lacnic.net/rpki/lacnic/7aaabf57-1856-41cb-b96a-ff696409fa09/19bd005cf45354f2409c0ecdda55c72e4e55d820.roa",AS262249,200.108.146.0/24,24,2013-04-11 03:00:00,2015-04-11 03:00:00
"rsync://repository.lacnic.net/rpki/lacnic/7aaabf57-1856-41cb-b96a-ff696409fa09/19bd005cf45354f2409c0ecdda55c72e4e55d820.roa",AS262249,2801:140::/48,48,2013-04-11 03:00:00,2015-04-11 03:00:00
"rsync://repository.lacnic.net/rpki/lacnic/db8a349d-7663-46aa-98dc-133031420941/192d635236749bb73069209cac1efc5f536d9dc2.roa",AS7908,200.85.64.0/20,24,2013-03-21 17:05:53,2018-03-21 17:05:53
"rsync://repository.lacnic.net/rpki/lacnic/db8a349d-7663-46aa-98dc-133031420941/192d635236749bb73069209cac1efc5f536d9dc2.roa",AS7908,2001:1350::/32,48,2013-03-21 17:05:53,2018-03-21 17:05:53
"rsync://repository.lacnic.net/rpki/lacnic/db8a349d-7663-46aa-98dc-133031420941/27103059727abd791ab6903a9efc09ddb0acae11.roa",AS17399,2001:1350::/32,48,2013-03-21 17:05:53,2018-03-21 17:05:53
"rsync://repository.lacnic.net/rpki/lacnic/db8a349d-7663-46aa-98dc-133031420941/50c2bdf1cef54ccdf86ce0cf14f694f082374730.roa",AS52358,200.85.64.0/24,24,2013-03-21 17:05:53,2018-03-21 17:05:53
"rsync://repository.lacnic.net/rpki/lacnic/347c4888-ec30-43c3-b4d4-f05864abecf5/e981e143d437f812bf67f753607eef4cdada650c.roa",AS27971,186.5.176.0/20,24,2013-03-21 16:19:28,2018-03-21 16:19:28
"rsync://repository.lacnic.net/rpki/lacnic/347c4888-ec30-43c3-b4d4-f05864abecf5/e981e143d437f812bf67f753607eef4cdada650c.roa",AS27971,200.63.112.0/21,24,2013-03-21 16:19:28,2018-03-21 16:19:28
"rsync://repository.lacnic.net/rpki/lacnic/347c4888-ec30-43c3-b4d4-f05864abecf5/e981e143d437f812bf67f753607eef4cdada650c.roa",AS27971,2803:e100::/32,35,2013-03-21 16:19:28,2018-03-21 16:19:28
"rsync://repository.lacnic.net/rpki/lacnic/60bdc210-817c-458b-9436-49e7f97f2f16/b0346aeeb0ad6598bae0a20275d949a63c1131b4.roa",AS28095,2001:13a0::/32,48,2013-03-21 16:24:01,2018-03-21 16:24:01
"rsync://repository.lacnic.net/rpki/lacnic/60bdc210-817c-458b-9436-49e7f97f2f16/d1a484e7513df8dfb15654ef1c97720dff8f9cf8.roa",AS28095,190.124.48.0/21,24,2013-03-21 16:24:01,2018-03-21 16:24:01
"rsync://repository.lacnic.net/rpki/lacnic/90073810-f206-469d-8a54-1ed39f0a0d0a/da9000358acb6921376713c3315410e332b4e27a.roa",AS21575,186.160.0.0/14,24,2013-05-19 19:29:00,2018-05-19 19:29:00
"rsync://repository.lacnic.net/rpki/lacnic/90073810-f206-469d-8a54-1ed39f0a0d0a/da9000358acb6921376713c3315410e332b4e27a.roa",AS21575,200.110.0.0/19,24,2013-05-19 19:29:00,2018-05-19 19:29:00
"rsync://repository.lacnic.net/rpki/lacnic/90073810-f206-469d-8a54-1ed39f0a0d0a/da9000358acb6921376713c3315410e332b4e27a.roa",AS21575,200.110.32.0/20,24,2013-05-19 19:29:00,2018-05-19 19:29:00
"rsync://repository.lacnic.net/rpki/lacnic/59757f73-473d-461a-900a-0cdb6b336733/afa8a8c98e2b3d98e5c336943600599925778ffe.roa",AS19180,2001:1380::/32,128,2013-03-21 16:23:56,2018-03-21 16:23:56
"rsync://repository.lacnic.net/rpki/lacnic/0ff56732-292c-4656-ac21-171337f1a518/eb96743c731561ccc532723c7dc3f532dbe641b7.roa",AS27933,200.9.255.0/24,24,2013-03-21 03:00:00,2018-03-21 03:00:00
"rsync://repository.lacnic.net/rpki/lacnic/0ff56732-292c-4656-ac21-171337f1a518/eb96743c731561ccc532723c7dc3f532dbe641b7.roa",AS27933,2800:1a0::/32,32,2013-03-21 03:00:00,2018-03-21 03:00:00
"rsync://repository.lacnic.net/rpki/lacnic/9144b741-3df5-40a1-a652-c41e5fc7f2fe/c56772ffbd51e378b14e6e83df83a68af9e8aebf.roa",AS11664,186.182.0.0/16,24,2013-03-21 16:20:38,2018-03-21 16:20:38
"rsync://repository.lacnic.net/rpki/lacnic/42024d3c-a562-4a86-a06d-ae2b1f1f313b/b419811bc5866869b50695d09682d40074427a9b.roa",AS10620,190.143.0.0/18,24,2013-03-21 16:21:30,2018-03-21 16:21:30
"rsync://repository.lacnic.net/rpki/lacnic/42024d3c-a562-4a86-a06d-ae2b1f1f313b/b419811bc5866869b50695d09682d40074427a9b.roa",AS10620,200.71.32.0/19,24,2013-03-21 16:21:30,2018-03-21 16:21:30
"rsync://repository.lacnic.net/rpki/lacnic/42024d3c-a562-4a86-a06d-ae2b1f1f313b/b419811bc5866869b50695d09682d40074427a9b.roa",AS10620,201.216.0.0/19,24,2013-03-21 16:21:30,2018-03-21 16:21:30
"rsync://repository.lacnic.net/rpki/lacnic/42024d3c-a562-4a86-a06d-ae2b1f1f313b/b419811bc5866869b50695d09682d40074427a9b.roa",AS10620,200.118.0.0/16,24,2013-03-21 16:21:30,2018-03-21 16:21:30
"rsync://repository.lacnic.net/rpki/lacnic/42024d3c-a562-4a86-a06d-ae2b1f1f313b/b419811bc5866869b50695d09682d40074427a9b.roa",AS10620,201.221.160.0/20,24,2013-03-21 16:21:30,2018-03-21 16:21:30
"rsync://repository.lacnic.net/rpki/lacnic/42024d3c-a562-4a86-a06d-ae2b1f1f313b/b419811bc5866869b50695d09682d40074427a9b.roa",AS10620,200.89.224.0/20,24,2013-03-21 16:21:30,2018-03-21 16:21:30
"rsync://repository.lacnic.net/rpki/lacnic/42024d3c-a562-4a86-a06d-ae2b1f1f313b/b419811bc5866869b50695d09682d40074427a9b.roa",AS10620,201.216.32.0/19,24,2013-03-21 16:21:30,2018-03-21 16:21:30
"rsync://repository.lacnic.net/rpki/lacnic/42024d3c-a562-4a86-a06d-ae2b1f1f313b/b419811bc5866869b50695d09682d40074427a9b.roa",AS10620,190.8.224.0/19,24,2013-03-21 16:21:30,2018-03-21 16:21:30
"rsync://repository.lacnic.net/rpki/lacnic/42024d3c-a562-4a86-a06d-ae2b1f1f313b/b419811bc5866869b50695d09682d40074427a9b.roa",AS10620,190.8.192.0/19,24,2013-03-21 16:21:30,2018-03-21 16:21:30
"rsync://repository.lacnic.net/rpki/lacnic/42024d3c-a562-4a86-a06d-ae2b1f1f313b/b419811bc5866869b50695d09682d40074427a9b.roa",AS10620,190.84.0.0/16,24,2013-03-21 16:21:30,2018-03-21 16:21:30
"rsync://repository.lacnic.net/rpki/lacnic/42024d3c-a562-4a86-a06d-ae2b1f1f313b/b419811bc5866869b50695d09682d40074427a9b.roa",AS10620,190.156.0.0/16,24,2013-03-21 16:21:30,2018-03-21 16:21:30
"rsync://repository.lacnic.net/rpki/lacnic/42024d3c-a562-4a86-a06d-ae2b1f1f313b/b419811bc5866869b50695d09682d40074427a9b.roa",AS10620,190.157.0.0/16,24,2013-03-21 16:21:30,2018-03-21 16:21:30
"rsync://repository.lacnic.net/rpki/lacnic/42024d3c-a562-4a86-a06d-ae2b1f1f313b/b419811bc5866869b50695d09682d40074427a9b.roa",AS10620,190.158.0.0/16,24,2013-03-21 16:21:30,2018-03-21 16:21:30
"rsync://repository.lacnic.net/rpki/lacnic/42024d3c-a562-4a86-a06d-ae2b1f1f313b/b419811bc5866869b50695d09682d40074427a9b.roa",AS10620,190.159.0.0/16,24,2013-03-21 16:21:30,2018-03-21 16:21:30
"rsync://repository.lacnic.net/rpki/lacnic/42024d3c-a562-4a86-a06d-ae2b1f1f313b/b419811bc5866869b50695d09682d40074427a9b.roa",AS10620,186.80.0.0/16,24,2013-03-21 16:21:30,2018-03-21 16:21:30
"rsync://repository.lacnic.net/rpki/lacnic/42024d3c-a562-4a86-a06d-ae2b1f1f313b/b419811bc5866869b50695d09682d40074427a9b.roa",AS10620,186.81.0.0/16,24,2013-03-21 16:21:30,2018-03-21 16:21:30
"rsync://repository.lacnic.net/rpki/lacnic/42024d3c-a562-4a86-a06d-ae2b1f1f313b/b419811bc5866869b50695d09682d40074427a9b.roa",AS10620,186.82.0.0/16,24,2013-03-21 16:21:30,2018-03-21 16:21:30
"rsync://repository.lacnic.net/rpki/lacnic/42024d3c-a562-4a86-a06d-ae2b1f1f313b/b419811bc5866869b50695d09682d40074427a9b.roa",AS10620,186.83.0.0/16,24,2013-03-21 16:21:30,2018-03-21 16:21:30
"rsync://repository.lacnic.net/rpki/lacnic/42024d3c-a562-4a86-a06d-ae2b1f1f313b/b419811bc5866869b50695d09682d40074427a9b.roa",AS10620,186.84.0.0/16,24,2013-03-21 16:21:30,2018-03-21 16:21:30
"rsync://repository.lacnic.net/rpki/lacnic/42024d3c-a562-4a86-a06d-ae2b1f1f313b/b419811bc5866869b50695d09682d40074427a9b.roa",AS10620,186.85.0.0/16,24,2013-03-21 16:21:30,2018-03-21 16:21:30
"rsync://repository.lacnic.net/rpki/lacnic/42024d3c-a562-4a86-a06d-ae2b1f1f313b/b419811bc5866869b50695d09682d40074427a9b.roa",AS10620,186.86.0.0/16,24,2013-03-21 16:21:30,2018-03-21 16:21:30
"rsync://repository.lacnic.net/rpki/lacnic/42024d3c-a562-4a86-a06d-ae2b1f1f313b/b419811bc5866869b50695d09682d40074427a9b.roa",AS10620,186.87.0.0/16,24,2013-03-21 16:21:30,2018-03-21 16:21:30
"rsync://repository.lacnic.net/rpki/lacnic/42024d3c-a562-4a86-a06d-ae2b1f1f313b/b419811bc5866869b50695d09682d40074427a9b.roa",AS10620,186.144.0.0/16,24,2013-03-21 16:21:30,2018-03-21 16:21:30
"rsync://repository.lacnic.net/rpki/lacnic/42024d3c-a562-4a86-a06d-ae2b1f1f313b/b419811bc5866869b50695d09682d40074427a9b.roa",AS10620,186.145.0.0/16,24,2013-03-21 16:21:30,2018-03-21 16:21:30
"rsync://repository.lacnic.net/rpki/lacnic/42024d3c-a562-4a86-a06d-ae2b1f1f313b/b419811bc5866869b50695d09682d40074427a9b.roa",AS10620,186.146.0.0/16,24,2013-03-21 16:21:30,2018-03-21 16:21:30
"rsync://repository.lacnic.net/rpki/lacnic/42024d3c-a562-4a86-a06d-ae2b1f1f313b/b419811bc5866869b50695d09682d40074427a9b.roa",AS10620,186.147.0.0/16,24,2013-03-21 16:21:30,2018-03-21 16:21:30
"rsync://repository.lacnic.net/rpki/lacnic/42024d3c-a562-4a86-a06d-ae2b1f1f313b/b419811bc5866869b50695d09682d40074427a9b.roa",AS10620,190.146.0.0/16,24,2013-03-21 16:21:30,2018-03-21 16:21:30
"rsync://repository.lacnic.net/rpki/lacnic/42024d3c-a562-4a86-a06d-ae2b1f1f313b/b419811bc5866869b50695d09682d40074427a9b.roa",AS10620,190.147.0.0/16,24,2013-03-21 16:21:30,2018-03-21 16:21:30
"rsync://repository.lacnic.net/rpki/lacnic/42024d3c-a562-4a86-a06d-ae2b1f1f313b/b8f055ba4f223d8d7cda4340bda49da1d466c25c.roa",AS14080,190.144.0.0/17,32,2013-03-21 16:21:30,2018-03-21 16:21:30
"rsync://repository.lacnic.net/rpki/lacnic/42024d3c-a562-4a86-a06d-ae2b1f1f313b/b8f055ba4f223d8d7cda4340bda49da1d466c25c.roa",AS14080,190.144.128.0/18,24,2013-03-21 16:21:30,2018-03-21 16:21:30
"rsync://repository.lacnic.net/rpki/lacnic/42024d3c-a562-4a86-a06d-ae2b1f1f313b/b8f055ba4f223d8d7cda4340bda49da1d466c25c.roa",AS14080,190.144.192.0/19,24,2013-03-21 16:21:30,2018-03-21 16:21:30
"rsync://repository.lacnic.net/rpki/lacnic/42024d3c-a562-4a86-a06d-ae2b1f1f313b/b8f055ba4f223d8d7cda4340bda49da1d466c25c.roa",AS14080,190.144.224.0/19,24,2013-03-21 16:21:30,2018-03-21 16:21:30
"rsync://repository.lacnic.net/rpki/lacnic/42024d3c-a562-4a86-a06d-ae2b1f1f313b/b8f055ba4f223d8d7cda4340bda49da1d466c25c.roa",AS14080,190.145.0.0/16,24,2013-03-21 16:21:30,2018-03-21 16:21:30
"rsync://repository.lacnic.net/rpki/lacnic/42024d3c-a562-4a86-a06d-ae2b1f1f313b/b8f055ba4f223d8d7cda4340bda49da1d466c25c.roa",AS14080,200.26.128.0/19,24,2013-03-21 16:21:30,2018-03-21 16:21:30
"rsync://repository.lacnic.net/rpki/lacnic/42024d3c-a562-4a86-a06d-ae2b1f1f313b/b8f055ba4f223d8d7cda4340bda49da1d466c25c.roa",AS14080,190.85.0.0/16,24,2013-03-21 16:21:30,2018-03-21 16:21:30
"rsync://repository.lacnic.net/rpki/lacnic/42024d3c-a562-4a86-a06d-ae2b1f1f313b/b8f055ba4f223d8d7cda4340bda49da1d466c25c.roa",AS14080,190.143.64.0/18,24,2013-03-21 16:21:30,2018-03-21 16:21:30
"rsync://repository.lacnic.net/rpki/lacnic/42024d3c-a562-4a86-a06d-ae2b1f1f313b/b8f055ba4f223d8d7cda4340bda49da1d466c25c.roa",AS14080,190.8.224.0/19,24,2013-03-21 16:21:30,2018-03-21 16:21:30
"rsync://repository.lacnic.net/rpki/lacnic/42024d3c-a562-4a86-a06d-ae2b1f1f313b/b8f055ba4f223d8d7cda4340bda49da1d466c25c.roa",AS14080,181.48.0.0/13,24,2013-03-21 16:21:30,2018-03-21 16:21:30
"rsync://repository.lacnic.net/rpki/lacnic/42024d3c-a562-4a86-a06d-ae2b1f1f313b/b8f055ba4f223d8d7cda4340bda49da1d466c25c.roa",AS14080,200.74.128.0/19,24,2013-03-21 16:21:30,2018-03-21 16:21:30
"rsync://repository.lacnic.net/rpki/lacnic/a6afb932-21e2-43c1-a5a5-3f96c052a796/56b20fad43ae42eba56e23393d189e1cf9bb47fa.roa",AS52249,190.105.192.0/22,24,2013-03-21 16:19:22,2018-03-21 16:19:22
"rsync://repository.lacnic.net/rpki/lacnic/a6afb932-21e2-43c1-a5a5-3f96c052a796/ab73d6ab503e8256f0ac937f05ce19bfe01608b0.roa",AS52249,190.105.192.0/22,24,2013-03-21 16:19:22,2018-03-21 16:19:22
"rsync://repository.lacnic.net/rpki/lacnic/bcf2121f-1a43-4cd8-bb2c-498c50d4df32/9e6954522003532e2f20815e4f04682e3b0df0b7.roa",AS27725,181.225.224.0/19,19,2013-03-21 03:00:00,2018-03-21 03:00:00
"rsync://repository.lacnic.net/rpki/lacnic/bcf2121f-1a43-4cd8-bb2c-498c50d4df32/9e6954522003532e2f20815e4f04682e3b0df0b7.roa",AS27725,190.6.64.0/20,20,2013-03-21 03:00:00,2018-03-21 03:00:00
"rsync://repository.lacnic.net/rpki/lacnic/bcf2121f-1a43-4cd8-bb2c-498c50d4df32/9e6954522003532e2f20815e4f04682e3b0df0b7.roa",AS27725,190.6.80.0/20,20,2013-03-21 03:00:00,2018-03-21 03:00:00
"rsync://repository.lacnic.net/rpki/lacnic/bcf2121f-1a43-4cd8-bb2c-498c50d4df32/9e6954522003532e2f20815e4f04682e3b0df0b7.roa",AS27725,190.15.144.0/20,20,2013-03-21 03:00:00,2018-03-21 03:00:00
"rsync://repository.lacnic.net/rpki/lacnic/bcf2121f-1a43-4cd8-bb2c-498c50d4df32/9e6954522003532e2f20815e4f04682e3b0df0b7.roa",AS27725,190.92.112.0/20,20,2013-03-21 03:00:00,2018-03-21 03:00:00
"rsync://repository.lacnic.net/rpki/lacnic/bcf2121f-1a43-4cd8-bb2c-498c50d4df32/9e6954522003532e2f20815e4f04682e3b0df0b7.roa",AS27725,200.13.144.0/21,21,2013-03-21 03:00:00,2018-03-21 03:00:00
"rsync://repository.lacnic.net/rpki/lacnic/bcf2121f-1a43-4cd8-bb2c-498c50d4df32/9e6954522003532e2f20815e4f04682e3b0df0b7.roa",AS27725,200.55.128.0/21,21,2013-03-21 03:00:00,2018-03-21 03:00:00
"rsync://repository.lacnic.net/rpki/lacnic/bcf2121f-1a43-4cd8-bb2c-498c50d4df32/9e6954522003532e2f20815e4f04682e3b0df0b7.roa",AS27725,200.55.136.0/21,21,2013-03-21 03:00:00,2018-03-21 03:00:00
"rsync://repository.lacnic.net/rpki/lacnic/bcf2121f-1a43-4cd8-bb2c-498c50d4df32/9e6954522003532e2f20815e4f04682e3b0df0b7.roa",AS27725,200.55.144.0/21,21,2013-03-21 03:00:00,2018-03-21 03:00:00
"rsync://repository.lacnic.net/rpki/lacnic/bcf2121f-1a43-4cd8-bb2c-498c50d4df32/9e6954522003532e2f20815e4f04682e3b0df0b7.roa",AS27725,200.55.152.0/21,21,2013-03-21 03:00:00,2018-03-21 03:00:00
"rsync://repository.lacnic.net/rpki/lacnic/bcf2121f-1a43-4cd8-bb2c-498c50d4df32/9e6954522003532e2f20815e4f04682e3b0df0b7.roa",AS27725,200.55.160.0/20,20,2013-03-21 03:00:00,2018-03-21 03:00:00
"rsync://repository.lacnic.net/rpki/lacnic/bcf2121f-1a43-4cd8-bb2c-498c50d4df32/9e6954522003532e2f20815e4f04682e3b0df0b7.roa",AS27725,200.55.176.0/20,20,2013-03-21 03:00:00,2018-03-21 03:00:00
"rsync://repository.lacnic.net/rpki/lacnic/bcf2121f-1a43-4cd8-bb2c-498c50d4df32/9e6954522003532e2f20815e4f04682e3b0df0b7.roa",AS27725,2001:1358::/32,32,2013-03-21 03:00:00,2018-03-21 03:00:00
"rsync://repository.lacnic.net/rpki/lacnic/bcf2121f-1a43-4cd8-bb2c-498c50d4df32/fb1a2c22c9ed01d5dca17ea53aeb66417a03148f.roa",AS27725,181.225.224.0/19,19,2013-03-21 03:00:00,2018-03-21 03:00:00
"rsync://repository.lacnic.net/rpki/lacnic/bcf2121f-1a43-4cd8-bb2c-498c50d4df32/fb1a2c22c9ed01d5dca17ea53aeb66417a03148f.roa",AS27725,190.6.64.0/20,20,2013-03-21 03:00:00,2018-03-21 03:00:00
"rsync://repository.lacnic.net/rpki/lacnic/bcf2121f-1a43-4cd8-bb2c-498c50d4df32/fb1a2c22c9ed01d5dca17ea53aeb66417a03148f.roa",AS27725,190.6.80.0/20,20,2013-03-21 03:00:00,2018-03-21 03:00:00
"rsync://repository.lacnic.net/rpki/lacnic/bcf2121f-1a43-4cd8-bb2c-498c50d4df32/fb1a2c22c9ed01d5dca17ea53aeb66417a03148f.roa",AS27725,190.15.144.0/20,20,2013-03-21 03:00:00,2018-03-21 03:00:00
"rsync://repository.lacnic.net/rpki/lacnic/bcf2121f-1a43-4cd8-bb2c-498c50d4df32/fb1a2c22c9ed01d5dca17ea53aeb66417a03148f.roa",AS27725,190.92.112.0/20,20,2013-03-21 03:00:00,2018-03-21 03:00:00
"rsync://repository.lacnic.net/rpki/lacnic/bcf2121f-1a43-4cd8-bb2c-498c50d4df32/fb1a2c22c9ed01d5dca17ea53aeb66417a03148f.roa",AS27725,200.13.144.0/21,21,2013-03-21 03:00:00,2018-03-21 03:00:00
"rsync://repository.lacnic.net/rpki/lacnic/bcf2121f-1a43-4cd8-bb2c-498c50d4df32/fb1a2c22c9ed01d5dca17ea53aeb66417a03148f.roa",AS27725,200.55.128.0/21,21,2013-03-21 03:00:00,2018-03-21 03:00:00
"rsync://repository.lacnic.net/rpki/lacnic/bcf2121f-1a43-4cd8-bb2c-498c50d4df32/fb1a2c22c9ed01d5dca17ea53aeb66417a03148f.roa",AS27725,200.55.136.0/21,21,2013-03-21 03:00:00,2018-03-21 03:00:00
"rsync://repository.lacnic.net/rpki/lacnic/bcf2121f-1a43-4cd8-bb2c-498c50d4df32/fb1a2c22c9ed01d5dca17ea53aeb66417a03148f.roa",AS27725,200.55.144.0/21,21,2013-03-21 03:00:00,2018-03-21 03:00:00
"rsync://repository.lacnic.net/rpki/lacnic/bcf2121f-1a43-4cd8-bb2c-498c50d4df32/fb1a2c22c9ed01d5dca17ea53aeb66417a03148f.roa",AS27725,200.55.152.0/21,21,2013-03-21 03:00:00,2018-03-21 03:00:00
"rsync://repository.lacnic.net/rpki/lacnic/bcf2121f-1a43-4cd8-bb2c-498c50d4df32/fb1a2c22c9ed01d5dca17ea53aeb66417a03148f.roa",AS27725,200.55.160.0/20,20,2013-03-21 03:00:00,2018-03-21 03:00:00
"rsync://repository.lacnic.net/rpki/lacnic/bcf2121f-1a43-4cd8-bb2c-498c50d4df32/fb1a2c22c9ed01d5dca17ea53aeb66417a03148f.roa",AS27725,200.55.176.0/20,20,2013-03-21 03:00:00,2018-03-21 03:00:00
"rsync://repository.lacnic.net/rpki/lacnic/e385f5c9-89ca-4d7b-93af-a5414e9935fe/3593d4e3fc0aa04976f82b855bc00b651529ad13.roa",AS262254,186.2.160.0/20,20,2013-08-13 03:00:00,2015-08-13 03:00:00
"rsync://repository.lacnic.net/rpki/lacnic/e385f5c9-89ca-4d7b-93af-a5414e9935fe/3593d4e3fc0aa04976f82b855bc00b651529ad13.roa",AS262254,190.115.16.0/20,20,2013-08-13 03:00:00,2015-08-13 03:00:00
"rsync://repository.lacnic.net/rpki/lacnic/e385f5c9-89ca-4d7b-93af-a5414e9935fe/3593d4e3fc0aa04976f82b855bc00b651529ad13.roa",AS262254,2803:f900::/32,32,2013-08-13 03:00:00,2015-08-13 03:00:00
"rsync://repository.lacnic.net/rpki/lacnic/e385f5c9-89ca-4d7b-93af-a5414e9935fe/b2499f22a7e6ad2f092e2fba8c3103d03e0c4b17.roa",AS262254,186.2.160.0/20,32,2013-03-21 03:00:00,2018-03-21 03:00:00
"rsync://repository.lacnic.net/rpki/lacnic/e385f5c9-89ca-4d7b-93af-a5414e9935fe/b2499f22a7e6ad2f092e2fba8c3103d03e0c4b17.roa",AS262254,2803:f900::/32,64,2013-03-21 03:00:00,2018-03-21 03:00:00
"rsync://repository.lacnic.net/rpki/lacnic/464df4ed-c82e-4836-8794-a92a4aecbdec/1efc99094f1ab15cde6967c570bff2a7995e897b.roa",AS27738,190.130.128.0/17,24,2013-03-21 16:23:05,2018-03-21 16:23:05
"rsync://repository.lacnic.net/rpki/lacnic/647d38f7-b6f0-4003-9940-e0ac3446c4a3/ec2b359c527da3f5951f5785f938fc63671eb7ea.roa",AS22724,190.12.0.0/19,24,2013-03-21 16:23:12,2018-03-21 16:23:12
"rsync://repository.lacnic.net/rpki/lacnic/199b1dc6-316c-4ec0-8b5a-60e68d894d3c/013cdb53d41c845e5a2b56f4e0ace0c49075fd1f.roa",AS14420,2800:370::/32,48,2013-03-21 16:22:56,2018-03-21 16:22:56
"rsync://repository.lacnic.net/rpki/lacnic/f30c122a-a94a-413f-9605-873ff8024f52/01cc27775409f83e619fbbccaf269acaed4818f3.roa",AS52280,190.211.160.0/20,24,2013-03-21 16:21:13,2018-03-21 16:21:13
"rsync://repository.lacnic.net/rpki/lacnic/9b2039a5-9358-4551-bc99-a4cd694542ea/035ac894cdf7e5d47df8154045ccadf176840343.roa",AS19429,186.154.0.0/16,24,2013-03-21 16:21:46,2018-03-21 16:21:46
"rsync://repository.lacnic.net/rpki/lacnic/9b2039a5-9358-4551-bc99-a4cd694542ea/07714f87190e99e0727db95203d9308039eb1bef.roa",AS19429,190.25.0.0/16,24,2013-03-21 16:21:46,2018-03-21 16:21:46
"rsync://repository.lacnic.net/rpki/lacnic/9b2039a5-9358-4551-bc99-a4cd694542ea/117352b8ccdc211b9ef52fa6ab08f9258749f296.roa",AS19429,186.31.0.0/16,24,2013-03-21 16:21:46,2018-03-21 16:21:46
"rsync://repository.lacnic.net/rpki/lacnic/9b2039a5-9358-4551-bc99-a4cd694542ea/14cf492b6e3e8a994f5327a7297d115f70be74ba.roa",AS19429,2800:260::/28,28,2013-03-21 16:21:46,2018-03-21 16:21:46
"rsync://repository.lacnic.net/rpki/lacnic/9b2039a5-9358-4551-bc99-a4cd694542ea/23219068c3d9380bd55e38ebe188ab2de7d02fe8.roa",AS19429,200.93.160.0/19,24,2013-03-21 16:21:46,2018-03-21 16:21:46
"rsync://repository.lacnic.net/rpki/lacnic/9b2039a5-9358-4551-bc99-a4cd694542ea/2901ace51d79f342c88d6610f3ceda245cf81081.roa",AS19429,200.75.32.0/19,24,2013-03-21 16:21:46,2018-03-21 16:21:46
"rsync://repository.lacnic.net/rpki/lacnic/9b2039a5-9358-4551-bc99-a4cd694542ea/3790d942e8484d35cfb51544e283c65e6212c220.roa",AS19429,186.28.0.0/16,24,2013-03-21 16:21:46,2018-03-21 16:21:46
"rsync://repository.lacnic.net/rpki/lacnic/9b2039a5-9358-4551-bc99-a4cd694542ea/37e30e5051576a77e80e3915c0cdd0d3d833653d.roa",AS19429,200.69.112.0/20,24,2013-03-21 16:21:46,2018-03-21 16:21:46
"rsync://repository.lacnic.net/rpki/lacnic/9b2039a5-9358-4551-bc99-a4cd694542ea/51132db41bd607cad5d6aecb03bd69d933be1470.roa",AS19429,200.119.32.0/19,24,2013-03-21 16:21:46,2018-03-21 16:21:46
"rsync://repository.lacnic.net/rpki/lacnic/9b2039a5-9358-4551-bc99-a4cd694542ea/58c396e5dab6aed98365183624f3b2dad403af29.roa",AS19429,190.26.0.0/16,24,2013-03-21 16:21:46,2018-03-21 16:21:46
"rsync://repository.lacnic.net/rpki/lacnic/9b2039a5-9358-4551-bc99-a4cd694542ea/5b86eecab9e0eb1e8af5af6878f5f27660bf7960.roa",AS19429,200.93.128.0/19,24,2013-03-21 16:21:46,2018-03-21 16:21:46
"rsync://repository.lacnic.net/rpki/lacnic/9b2039a5-9358-4551-bc99-a4cd694542ea/6c1242f1c6d8b47b43f82f08a72acc5bff7d593a.roa",AS19429,200.69.96.0/20,24,2013-03-21 16:21:46,2018-03-21 16:21:46
"rsync://repository.lacnic.net/rpki/lacnic/9b2039a5-9358-4551-bc99-a4cd694542ea/706115241335cadbe86085ce779143fe323cd69c.roa",AS19429,200.11.40.0/21,24,2013-03-21 16:21:46,2018-03-21 16:21:46
"rsync://repository.lacnic.net/rpki/lacnic/9b2039a5-9358-4551-bc99-a4cd694542ea/83c44ee6b9d8dec6dee119904301e1c7cdf752ea.roa",AS19429,190.24.0.0/16,24,2013-03-21 16:21:46,2018-03-21 16:21:46
"rsync://repository.lacnic.net/rpki/lacnic/9b2039a5-9358-4551-bc99-a4cd694542ea/93f096a23f4064a2365b1366e2bed62f3705fbf1.roa",AS19429,190.27.0.0/16,24,2013-03-21 16:21:46,2018-03-21 16:21:46
"rsync://repository.lacnic.net/rpki/lacnic/9b2039a5-9358-4551-bc99-a4cd694542ea/adfc9c233d9f69b1d34ba029d512e5bcbfb1097f.roa",AS19429,186.29.0.0/16,24,2013-03-21 16:21:46,2018-03-21 16:21:46
"rsync://repository.lacnic.net/rpki/lacnic/9b2039a5-9358-4551-bc99-a4cd694542ea/bb72cebdb5bb952c4ec1e6283896fa6c8968a3e7.roa",AS19429,201.245.0.0/16,24,2013-03-21 16:21:46,2018-03-21 16:21:46
"rsync://repository.lacnic.net/rpki/lacnic/9b2039a5-9358-4551-bc99-a4cd694542ea/bf1fdebbb79649d3c77c224a1c7799512f355246.roa",AS19429,200.119.0.0/19,24,2013-03-21 16:21:46,2018-03-21 16:21:46
"rsync://repository.lacnic.net/rpki/lacnic/9b2039a5-9358-4551-bc99-a4cd694542ea/c0c0c596a3220a26ea528cb181df260b8b25ded8.roa",AS19429,200.119.64.0/18,24,2013-03-21 16:21:46,2018-03-21 16:21:46
"rsync://repository.lacnic.net/rpki/lacnic/9b2039a5-9358-4551-bc99-a4cd694542ea/c6d0356549d42c24b1b254ac41221d52845e2f72.roa",AS19429,201.244.0.0/16,24,2013-03-21 16:21:46,2018-03-21 16:21:46
"rsync://repository.lacnic.net/rpki/lacnic/9b2039a5-9358-4551-bc99-a4cd694542ea/c73713d668ddac1bca388aad1a63a55234435222.roa",AS19429,186.30.0.0/16,24,2013-03-21 16:21:46,2018-03-21 16:21:46
"rsync://repository.lacnic.net/rpki/lacnic/9b2039a5-9358-4551-bc99-a4cd694542ea/df453f9912a38033f959fa545dae03a7ccf45760.roa",AS19429,186.155.0.0/16,24,2013-03-21 16:21:46,2018-03-21 16:21:46
"rsync://repository.lacnic.net/rpki/lacnic/9b2039a5-9358-4551-bc99-a4cd694542ea/e5cf512ccd1716bcb2ec576d1f67aa4e399d7ec2.roa",AS19429,190.93.128.0/19,24,2013-03-21 16:21:46,2018-03-21 16:21:46
"rsync://repository.lacnic.net/rpki/lacnic/9418da1d-1b59-4005-bba0-ff9af5fe36e4/0f347fe6eefada8e0522659b74d533c840ad548f.roa",AS7303,181.0.0.0/12,32,2013-03-21 16:20:35,2018-03-21 16:20:35
"rsync://repository.lacnic.net/rpki/lacnic/9418da1d-1b59-4005-bba0-ff9af5fe36e4/0f347fe6eefada8e0522659b74d533c840ad548f.roa",AS7303,181.80.0.0/12,32,2013-03-21 16:20:35,2018-03-21 16:20:35
"rsync://repository.lacnic.net/rpki/lacnic/9418da1d-1b59-4005-bba0-ff9af5fe36e4/0f347fe6eefada8e0522659b74d533c840ad548f.roa",AS7303,186.108.0.0/14,32,2013-03-21 16:20:35,2018-03-21 16:20:35
"rsync://repository.lacnic.net/rpki/lacnic/9418da1d-1b59-4005-bba0-ff9af5fe36e4/0f347fe6eefada8e0522659b74d533c840ad548f.roa",AS7303,186.124.0.0/15,32,2013-03-21 16:20:35,2018-03-21 16:20:35
"rsync://repository.lacnic.net/rpki/lacnic/9418da1d-1b59-4005-bba0-ff9af5fe36e4/0f347fe6eefada8e0522659b74d533c840ad548f.roa",AS7303,186.126.0.0/15,32,2013-03-21 16:20:35,2018-03-21 16:20:35
"rsync://repository.lacnic.net/rpki/lacnic/9418da1d-1b59-4005-bba0-ff9af5fe36e4/0f347fe6eefada8e0522659b74d533c840ad548f.roa",AS7303,186.152.0.0/15,32,2013-03-21 16:20:35,2018-03-21 16:20:35
"rsync://repository.lacnic.net/rpki/lacnic/9418da1d-1b59-4005-bba0-ff9af5fe36e4/0f347fe6eefada8e0522659b74d533c840ad548f.roa",AS7303,190.30.0.0/16,32,2013-03-21 16:20:35,2018-03-21 16:20:35
"rsync://repository.lacnic.net/rpki/lacnic/9418da1d-1b59-4005-bba0-ff9af5fe36e4/0f347fe6eefada8e0522659b74d533c840ad548f.roa",AS7303,190.31.0.0/16,32,2013-03-21 16:20:35,2018-03-21 16:20:35
"rsync://repository.lacnic.net/rpki/lacnic/9418da1d-1b59-4005-bba0-ff9af5fe36e4/0f347fe6eefada8e0522659b74d533c840ad548f.roa",AS7303,190.136.0.0/16,32,2013-03-21 16:20:35,2018-03-21 16:20:35
"rsync://repository.lacnic.net/rpki/lacnic/9418da1d-1b59-4005-bba0-ff9af5fe36e4/0f347fe6eefada8e0522659b74d533c840ad548f.roa",AS7303,190.137.0.0/16,32,2013-03-21 16:20:35,2018-03-21 16:20:35
"rsync://repository.lacnic.net/rpki/lacnic/9418da1d-1b59-4005-bba0-ff9af5fe36e4/0f347fe6eefada8e0522659b74d533c840ad548f.roa",AS7303,190.138.0.0/15,32,2013-03-21 16:20:35,2018-03-21 16:20:35
"rsync://repository.lacnic.net/rpki/lacnic/9418da1d-1b59-4005-bba0-ff9af5fe36e4/0f347fe6eefada8e0522659b74d533c840ad548f.roa",AS7303,190.224.0.0/15,32,2013-03-21 16:20:35,2018-03-21 16:20:35
"rsync://repository.lacnic.net/rpki/lacnic/9418da1d-1b59-4005-bba0-ff9af5fe36e4/0f347fe6eefada8e0522659b74d533c840ad548f.roa",AS7303,190.226.0.0/15,32,2013-03-21 16:20:35,2018-03-21 16:20:35
"rsync://repository.lacnic.net/rpki/lacnic/9418da1d-1b59-4005-bba0-ff9af5fe36e4/0f347fe6eefada8e0522659b74d533c840ad548f.roa",AS7303,190.228.0.0/14,32,2013-03-21 16:20:35,2018-03-21 16:20:35
"rsync://repository.lacnic.net/rpki/lacnic/9418da1d-1b59-4005-bba0-ff9af5fe36e4/0f347fe6eefada8e0522659b74d533c840ad548f.roa",AS7303,200.3.32.0/19,32,2013-03-21 16:20:35,2018-03-21 16:20:35
"rsync://repository.lacnic.net/rpki/lacnic/9418da1d-1b59-4005-bba0-ff9af5fe36e4/0f347fe6eefada8e0522659b74d533c840ad548f.roa",AS7303,200.3.64.0/19,32,2013-03-21 16:20:35,2018-03-21 16:20:35
"rsync://repository.lacnic.net/rpki/lacnic/9418da1d-1b59-4005-bba0-ff9af5fe36e4/0f347fe6eefada8e0522659b74d533c840ad548f.roa",AS7303,200.43.0.0/16,32,2013-03-21 16:20:35,2018-03-21 16:20:35
"rsync://repository.lacnic.net/rpki/lacnic/9418da1d-1b59-4005-bba0-ff9af5fe36e4/0f347fe6eefada8e0522659b74d533c840ad548f.roa",AS7303,200.45.0.0/16,32,2013-03-21 16:20:35,2018-03-21 16:20:35
"rsync://repository.lacnic.net/rpki/lacnic/9418da1d-1b59-4005-bba0-ff9af5fe36e4/0f347fe6eefada8e0522659b74d533c840ad548f.roa",AS7303,200.61.192.0/19,32,2013-03-21 16:20:35,2018-03-21 16:20:35
"rsync://repository.lacnic.net/rpki/lacnic/9418da1d-1b59-4005-bba0-ff9af5fe36e4/0f347fe6eefada8e0522659b74d533c840ad548f.roa",AS7303,200.71.224.0/20,32,2013-03-21 16:20:35,2018-03-21 16:20:35
"rsync://repository.lacnic.net/rpki/lacnic/9418da1d-1b59-4005-bba0-ff9af5fe36e4/0f347fe6eefada8e0522659b74d533c840ad548f.roa",AS7303,200.82.0.0/18,32,2013-03-21 16:20:35,2018-03-21 16:20:35
"rsync://repository.lacnic.net/rpki/lacnic/9418da1d-1b59-4005-bba0-ff9af5fe36e4/0f347fe6eefada8e0522659b74d533c840ad548f.roa",AS7303,200.82.64.0/18,32,2013-03-21 16:20:35,2018-03-21 16:20:35
"rsync://repository.lacnic.net/rpki/lacnic/9418da1d-1b59-4005-bba0-ff9af5fe36e4/0f347fe6eefada8e0522659b74d533c840ad548f.roa",AS7303,200.117.0.0/18,32,2013-03-21 16:20:35,2018-03-21 16:20:35
"rsync://repository.lacnic.net/rpki/lacnic/9418da1d-1b59-4005-bba0-ff9af5fe36e4/0f347fe6eefada8e0522659b74d533c840ad548f.roa",AS7303,200.117.64.0/18,32,2013-03-21 16:20:35,2018-03-21 16:20:35
"rsync://repository.lacnic.net/rpki/lacnic/9418da1d-1b59-4005-bba0-ff9af5fe36e4/0f347fe6eefada8e0522659b74d533c840ad548f.roa",AS7303,200.117.128.0/17,32,2013-03-21 16:20:35,2018-03-21 16:20:35
"rsync://repository.lacnic.net/rpki/lacnic/9418da1d-1b59-4005-bba0-ff9af5fe36e4/0f347fe6eefada8e0522659b74d533c840ad548f.roa",AS7303,201.252.0.0/16,32,2013-03-21 16:20:35,2018-03-21 16:20:35
"rsync://repository.lacnic.net/rpki/lacnic/9418da1d-1b59-4005-bba0-ff9af5fe36e4/0f347fe6eefada8e0522659b74d533c840ad548f.roa",AS7303,201.253.0.0/16,32,2013-03-21 16:20:35,2018-03-21 16:20:35
"rsync://repository.lacnic.net/rpki/lacnic/9418da1d-1b59-4005-bba0-ff9af5fe36e4/0f347fe6eefada8e0522659b74d533c840ad548f.roa",AS7303,2001:13d0::/32,128,2013-03-21 16:20:35,2018-03-21 16:20:35
"rsync://repository.lacnic.net/rpki/lacnic/6b0a15e6-5a58-482b-adb7-ce346470075e/6a4f623d5cb4757a9f3116d6e5caf27762c30b6a.roa",AS28001,200.3.12.0/22,24,2013-03-21 17:10:07,2018-03-21 17:10:07
"rsync://repository.lacnic.net/rpki/lacnic/6b0a15e6-5a58-482b-adb7-ce346470075e/6a4f623d5cb4757a9f3116d6e5caf27762c30b6a.roa",AS28001,200.7.86.0/23,24,2013-03-21 17:10:07,2018-03-21 17:10:07
"rsync://repository.lacnic.net/rpki/lacnic/6b0a15e6-5a58-482b-adb7-ce346470075e/6a4f623d5cb4757a9f3116d6e5caf27762c30b6a.roa",AS28001,200.10.60.0/23,24,2013-03-21 17:10:07,2018-03-21 17:10:07
"rsync://repository.lacnic.net/rpki/lacnic/6b0a15e6-5a58-482b-adb7-ce346470075e/6a4f623d5cb4757a9f3116d6e5caf27762c30b6a.roa",AS28001,2001:13c7:7002::/48,48,2013-03-21 17:10:07,2018-03-21 17:10:07
"rsync://repository.lacnic.net/rpki/lacnic/6b0a15e6-5a58-482b-adb7-ce346470075e/6a4f623d5cb4757a9f3116d6e5caf27762c30b6a.roa",AS28001,2001:13c7:7012::/47,47,2013-03-21 17:10:07,2018-03-21 17:10:07
"rsync://repository.lacnic.net/rpki/lacnic/6b0a15e6-5a58-482b-adb7-ce346470075e/6a4f623d5cb4757a9f3116d6e5caf27762c30b6a.roa",AS28001,2001:13c7:7010::/46,47,2013-03-21 17:10:07,2018-03-21 17:10:07
"rsync://repository.lacnic.net/rpki/lacnic/6b0a15e6-5a58-482b-adb7-ce346470075e/7eed759564e4e00d30ab9978465a72a62ab436a6.roa",AS28000,200.10.62.0/23,24,2013-03-21 17:10:07,2018-03-21 17:10:07
"rsync://repository.lacnic.net/rpki/lacnic/6b0a15e6-5a58-482b-adb7-ce346470075e/7eed759564e4e00d30ab9978465a72a62ab436a6.roa",AS28000,2001:13c7:7010::/46,48,2013-03-21 17:10:07,2018-03-21 17:10:07
"rsync://repository.lacnic.net/rpki/lacnic/6b0a15e6-5a58-482b-adb7-ce346470075e/991aab5acb908ed3b3104ddd77063d349794cd68.roa",AS28000,200.7.84.0/22,24,2013-03-21 03:00:00,2018-03-21 03:00:00
"rsync://repository.lacnic.net/rpki/lacnic/6b0a15e6-5a58-482b-adb7-ce346470075e/991aab5acb908ed3b3104ddd77063d349794cd68.roa",AS28000,2001:13c7:7001::/48,48,2013-03-21 03:00:00,2018-03-21 03:00:00
"rsync://repository.lacnic.net/rpki/lacnic/0a96b0c7-ca23-4281-88b5-e291e6efa0d4/34bd2b0b76d7e1752cb8e8041fa8e9fb1455e707.roa",AS262252,190.120.240.0/24,24,2013-05-24 03:00:00,2015-05-24 03:00:00
"rsync://repository.lacnic.net/rpki/lacnic/0a96b0c7-ca23-4281-88b5-e291e6efa0d4/34bd2b0b76d7e1752cb8e8041fa8e9fb1455e707.roa",AS262252,190.120.241.0/24,24,2013-05-24 03:00:00,2015-05-24 03:00:00
"rsync://repository.lacnic.net/rpki/lacnic/0a96b0c7-ca23-4281-88b5-e291e6efa0d4/34bd2b0b76d7e1752cb8e8041fa8e9fb1455e707.roa",AS262252,190.120.242.0/24,24,2013-05-24 03:00:00,2015-05-24 03:00:00
"rsync://repository.lacnic.net/rpki/lacnic/0a96b0c7-ca23-4281-88b5-e291e6efa0d4/34bd2b0b76d7e1752cb8e8041fa8e9fb1455e707.roa",AS262252,190.120.243.0/24,24,2013-05-24 03:00:00,2015-05-24 03:00:00
"rsync://repository.lacnic.net/rpki/lacnic/0a96b0c7-ca23-4281-88b5-e291e6efa0d4/34bd2b0b76d7e1752cb8e8041fa8e9fb1455e707.roa",AS262252,2803:d900::/32,32,2013-05-24 03:00:00,2015-05-24 03:00:00
"rsync://repository.lacnic.net/rpki/lacnic/22a0ba04-2705-4304-aecd-d3094f3542c8/4b5e2c4fac1d29642e919d1584c7a2e74b0a2b47.roa",AS52329,186.148.240.0/21,24,2013-06-28 03:00:00,2015-06-28 03:00:00
"rsync://repository.lacnic.net/rpki/lacnic/c2c243d3-aee9-45cf-addb-59410de704cf/ab2b2d12e4b1f57cb030689be59a3652da5edd55.roa",AS27877,190.123.96.0/20,20,2013-07-05 03:00:00,2015-07-05 03:00:00
"rsync://repository.lacnic.net/rpki/lacnic/c2c243d3-aee9-45cf-addb-59410de704cf/ab2b2d12e4b1f57cb030689be59a3652da5edd55.roa",AS27877,190.123.112.0/21,21,2013-07-05 03:00:00,2015-07-05 03:00:00
"rsync://repository.lacnic.net/rpki/lacnic/c2c243d3-aee9-45cf-addb-59410de704cf/ab2b2d12e4b1f57cb030689be59a3652da5edd55.roa",AS27877,200.110.160.0/21,21,2013-07-05 03:00:00,2015-07-05 03:00:00
"rsync://repository.lacnic.net/rpki/lacnic/c2c243d3-aee9-45cf-addb-59410de704cf/ab2b2d12e4b1f57cb030689be59a3652da5edd55.roa",AS27877,2803:5000::/32,32,2013-07-05 03:00:00,2015-07-05 03:00:00
"rsync://repository.lacnic.net/rpki/lacnic/3c68d57a-df17-4e14-9a01-e994bee8932c/562978467c55d73e00a43800c39bd4a709c81759.roa",AS27814,200.110.112.0/21,24,2013-08-27 03:00:00,2015-08-27 03:00:00
"rsync://repository.lacnic.net/rpki/lacnic/3c68d57a-df17-4e14-9a01-e994bee8932c/562978467c55d73e00a43800c39bd4a709c81759.roa",AS27814,200.110.121.0/24,24,2013-08-27 03:00:00,2015-08-27 03:00:00
"rsync://repository.lacnic.net/rpki/lacnic/3c68d57a-df17-4e14-9a01-e994bee8932c/562978467c55d73e00a43800c39bd4a709c81759.roa",AS27814,200.110.122.0/23,24,2013-08-27 03:00:00,2015-08-27 03:00:00
"rsync://repository.lacnic.net/rpki/lacnic/3c68d57a-df17-4e14-9a01-e994bee8932c/562978467c55d73e00a43800c39bd4a709c81759.roa",AS27814,200.110.124.0/22,24,2013-08-27 03:00:00,2015-08-27 03:00:00
"rsync://repository.lacnic.net/rpki/lacnic/3c68d57a-df17-4e14-9a01-e994bee8932c/562978467c55d73e00a43800c39bd4a709c81759.roa",AS27814,2001:13c7:6f00::/41,48,2013-08-27 03:00:00,2015-08-27 03:00:00
"rsync://repository.lacnic.net/rpki/lacnic/3c68d57a-df17-4e14-9a01-e994bee8932c/7dc56655fc3cfb8f6ac09c3e3a088865c8575b95.roa",AS52482,200.1.6.0/24,24,2013-08-27 03:00:00,2015-08-27 03:00:00
"rsync://repository.lacnic.net/rpki/lacnic/3c68d57a-df17-4e14-9a01-e994bee8932c/7dc56655fc3cfb8f6ac09c3e3a088865c8575b95.roa",AS52482,2001:13c7:6006::/48,48,2013-08-27 03:00:00,2015-08-27 03:00:00
"rsync://repository.lacnic.net/rpki/lacnic/3c68d57a-df17-4e14-9a01-e994bee8932c/a55f3b38134126c770a01a095edb2c6914af583b.roa",AS52483,200.110.120.0/24,24,2013-08-27 03:00:00,2015-08-27 03:00:00
"rsync://repository.lacnic.net/rpki/lacnic/3c68d57a-df17-4e14-9a01-e994bee8932c/a55f3b38134126c770a01a095edb2c6914af583b.roa",AS52483,2001:13c7:6f80::/48,48,2013-08-27 03:00:00,2015-08-27 03:00:00
"rsync://repository.lacnic.net/rpki/lacnic/835b6168-db20-4747-80b8-3ff228c8a2dc/46342e3ba5ff60d75130706060c67b70516fe004.roa",AS6147,181.64.0.0/15,19,2013-03-21 16:24:03,2018-03-21 16:24:03
"rsync://repository.lacnic.net/rpki/lacnic/835b6168-db20-4747-80b8-3ff228c8a2dc/46342e3ba5ff60d75130706060c67b70516fe004.roa",AS6147,190.40.0.0/14,19,2013-03-21 16:24:03,2018-03-21 16:24:03
"rsync://repository.lacnic.net/rpki/lacnic/835b6168-db20-4747-80b8-3ff228c8a2dc/46342e3ba5ff60d75130706060c67b70516fe004.roa",AS6147,190.232.0.0/13,19,2013-03-21 16:24:03,2018-03-21 16:24:03
"rsync://repository.lacnic.net/rpki/lacnic/835b6168-db20-4747-80b8-3ff228c8a2dc/46342e3ba5ff60d75130706060c67b70516fe004.roa",AS6147,200.4.192.0/18,19,2013-03-21 16:24:03,2018-03-21 16:24:03
"rsync://repository.lacnic.net/rpki/lacnic/835b6168-db20-4747-80b8-3ff228c8a2dc/46342e3ba5ff60d75130706060c67b70516fe004.roa",AS6147,200.10.64.0/19,19,2013-03-21 16:24:03,2018-03-21 16:24:03
"rsync://repository.lacnic.net/rpki/lacnic/835b6168-db20-4747-80b8-3ff228c8a2dc/46342e3ba5ff60d75130706060c67b70516fe004.roa",AS6147,200.37.0.0/16,19,2013-03-21 16:24:03,2018-03-21 16:24:03
"rsync://repository.lacnic.net/rpki/lacnic/835b6168-db20-4747-80b8-3ff228c8a2dc/46342e3ba5ff60d75130706060c67b70516fe004.roa",AS6147,200.48.0.0/16,19,2013-03-21 16:24:03,2018-03-21 16:24:03
"rsync://repository.lacnic.net/rpki/lacnic/835b6168-db20-4747-80b8-3ff228c8a2dc/46342e3ba5ff60d75130706060c67b70516fe004.roa",AS6147,200.60.0.0/17,19,2013-03-21 16:24:03,2018-03-21 16:24:03
"rsync://repository.lacnic.net/rpki/lacnic/835b6168-db20-4747-80b8-3ff228c8a2dc/46342e3ba5ff60d75130706060c67b70516fe004.roa",AS6147,200.60.128.0/18,19,2013-03-21 16:24:03,2018-03-21 16:24:03
"rsync://repository.lacnic.net/rpki/lacnic/835b6168-db20-4747-80b8-3ff228c8a2dc/46342e3ba5ff60d75130706060c67b70516fe004.roa",AS6147,200.60.192.0/19,19,2013-03-21 16:24:03,2018-03-21 16:24:03
"rsync://repository.lacnic.net/rpki/lacnic/835b6168-db20-4747-80b8-3ff228c8a2dc/46342e3ba5ff60d75130706060c67b70516fe004.roa",AS6147,200.60.224.0/19,19,2013-03-21 16:24:03,2018-03-21 16:24:03
"rsync://repository.lacnic.net/rpki/lacnic/835b6168-db20-4747-80b8-3ff228c8a2dc/46342e3ba5ff60d75130706060c67b70516fe004.roa",AS6147,200.106.0.0/18,19,2013-03-21 16:24:03,2018-03-21 16:24:03
"rsync://repository.lacnic.net/rpki/lacnic/835b6168-db20-4747-80b8-3ff228c8a2dc/46342e3ba5ff60d75130706060c67b70516fe004.roa",AS6147,200.106.64.0/18,19,2013-03-21 16:24:03,2018-03-21 16:24:03
"rsync://repository.lacnic.net/rpki/lacnic/835b6168-db20-4747-80b8-3ff228c8a2dc/46342e3ba5ff60d75130706060c67b70516fe004.roa",AS6147,200.107.128.0/18,19,2013-03-21 16:24:03,2018-03-21 16:24:03
"rsync://repository.lacnic.net/rpki/lacnic/835b6168-db20-4747-80b8-3ff228c8a2dc/46342e3ba5ff60d75130706060c67b70516fe004.roa",AS6147,200.121.0.0/17,19,2013-03-21 16:24:03,2018-03-21 16:24:03
"rsync://repository.lacnic.net/rpki/lacnic/835b6168-db20-4747-80b8-3ff228c8a2dc/46342e3ba5ff60d75130706060c67b70516fe004.roa",AS6147,200.121.128.0/17,19,2013-03-21 16:24:03,2018-03-21 16:24:03
"rsync://repository.lacnic.net/rpki/lacnic/835b6168-db20-4747-80b8-3ff228c8a2dc/46342e3ba5ff60d75130706060c67b70516fe004.roa",AS6147,201.230.0.0/17,19,2013-03-21 16:24:03,2018-03-21 16:24:03
"rsync://repository.lacnic.net/rpki/lacnic/835b6168-db20-4747-80b8-3ff228c8a2dc/46342e3ba5ff60d75130706060c67b70516fe004.roa",AS6147,201.230.128.0/17,19,2013-03-21 16:24:03,2018-03-21 16:24:03
"rsync://repository.lacnic.net/rpki/lacnic/835b6168-db20-4747-80b8-3ff228c8a2dc/46342e3ba5ff60d75130706060c67b70516fe004.roa",AS6147,201.240.0.0/17,19,2013-03-21 16:24:03,2018-03-21 16:24:03
"rsync://repository.lacnic.net/rpki/lacnic/835b6168-db20-4747-80b8-3ff228c8a2dc/46342e3ba5ff60d75130706060c67b70516fe004.roa",AS6147,201.240.128.0/17,19,2013-03-21 16:24:03,2018-03-21 16:24:03
"rsync://repository.lacnic.net/rpki/lacnic/835b6168-db20-4747-80b8-3ff228c8a2dc/46342e3ba5ff60d75130706060c67b70516fe004.roa",AS6147,2001:1388::/32,32,2013-03-21 16:24:03,2018-03-21 16:24:03
"rsync://repository.lacnic.net/rpki/lacnic/a276399d-0c5c-4e85-b3bc-265507ee530e/46d1fad0e607a5950a11ae455ad17503b0a69b47.roa",AS27843,190.12.64.0/20,20,2013-03-21 16:23:59,2018-03-21 16:23:59
"rsync://repository.lacnic.net/rpki/lacnic/a276399d-0c5c-4e85-b3bc-265507ee530e/46d1fad0e607a5950a11ae455ad17503b0a69b47.roa",AS27843,190.12.80.0/20,20,2013-03-21 16:23:59,2018-03-21 16:23:59
"rsync://repository.lacnic.net/rpki/lacnic/a276399d-0c5c-4e85-b3bc-265507ee530e/46d1fad0e607a5950a11ae455ad17503b0a69b47.roa",AS27843,190.102.128.0/19,19,2013-03-21 16:23:59,2018-03-21 16:23:59
"rsync://repository.lacnic.net/rpki/lacnic/a276399d-0c5c-4e85-b3bc-265507ee530e/46d1fad0e607a5950a11ae455ad17503b0a69b47.roa",AS27843,2800:120::/32,32,2013-03-21 16:23:59,2018-03-21 16:23:59
"rsync://repository.lacnic.net/rpki/lacnic/3558b9e3-4d8e-46f9-9ec9-ae87b7ca8f7f/58fa4199650e244215a02ef975974fa0b2d40709.roa",AS19192,190.169.0.0/16,32,2013-03-21 17:06:51,2018-03-21 17:06:51
"rsync://repository.lacnic.net/rpki/lacnic/3558b9e3-4d8e-46f9-9ec9-ae87b7ca8f7f/58fa4199650e244215a02ef975974fa0b2d40709.roa",AS19192,2800:a010::/32,128,2013-03-21 17:06:51,2018-03-21 17:06:51
"rsync://repository.lacnic.net/rpki/lacnic/9d0de6df-560d-4e43-9b16-bfc1605fb672/e57f7c3f6a9d4f92d298eb66cadc0828e643ab9f.roa",AS26473,190.89.0.0/18,18,2013-03-21 16:19:18,2018-03-21 16:19:18
"rsync://repository.lacnic.net/rpki/lacnic/9d0de6df-560d-4e43-9b16-bfc1605fb672/e57f7c3f6a9d4f92d298eb66cadc0828e643ab9f.roa",AS26473,190.89.64.0/18,18,2013-03-21 16:19:18,2018-03-21 16:19:18
"rsync://repository.lacnic.net/rpki/lacnic/9d0de6df-560d-4e43-9b16-bfc1605fb672/e57f7c3f6a9d4f92d298eb66cadc0828e643ab9f.roa",AS26473,190.89.128.0/17,17,2013-03-21 16:19:18,2018-03-21 16:19:18
"rsync://repository.lacnic.net/rpki/lacnic/9d0de6df-560d-4e43-9b16-bfc1605fb672/e57f7c3f6a9d4f92d298eb66cadc0828e643ab9f.roa",AS26473,200.26.224.0/20,24,2013-03-21 16:19:18,2018-03-21 16:19:18
"rsync://repository.lacnic.net/rpki/lacnic/9d0de6df-560d-4e43-9b16-bfc1605fb672/e57f7c3f6a9d4f92d298eb66cadc0828e643ab9f.roa",AS26473,200.26.240.0/20,20,2013-03-21 16:19:18,2018-03-21 16:19:18
"rsync://repository.lacnic.net/rpki/lacnic/9d0de6df-560d-4e43-9b16-bfc1605fb672/e57f7c3f6a9d4f92d298eb66cadc0828e643ab9f.roa",AS26473,201.216.64.0/19,20,2013-03-21 16:19:18,2018-03-21 16:19:18
"rsync://repository.lacnic.net/rpki/lacnic/9d0de6df-560d-4e43-9b16-bfc1605fb672/e57f7c3f6a9d4f92d298eb66cadc0828e643ab9f.roa",AS26473,201.216.96.0/19,21,2013-03-21 16:19:18,2018-03-21 16:19:18
"rsync://repository.lacnic.net/rpki/lacnic/9d0de6df-560d-4e43-9b16-bfc1605fb672/e57f7c3f6a9d4f92d298eb66cadc0828e643ab9f.roa",AS26473,2800:4a0::/32,32,2013-03-21 16:19:18,2018-03-21 16:19:18
"rsync://repository.lacnic.net/rpki/lacnic/a3c5be09-b13b-4115-954f-a47e134fb941/7d0cfd7a4a80aee1294a8333969562fbe0828ee3.roa",AS27725,190.107.0.0/20,20,2013-03-21 16:22:47,2018-03-21 16:22:47
"rsync://repository.lacnic.net/rpki/lacnic/547d3599-4c86-450e-ba22-1e7ed8bfec81/84efea363c8915488a2b5b090171420ddfb43eba.roa",AS27841,2800:68::/32,32,2013-03-21 16:22:58,2018-03-21 16:22:58
"rsync://repository.lacnic.net/rpki/lacnic/8413a314-5025-415d-9ac6-3a58b4dd4435/f78bd13c2b85e187227e4a91f53cc2734c6103af.roa",AS12066,186.120.0.0/17,24,2013-05-06 03:00:00,2015-05-06 03:00:00
"rsync://repository.lacnic.net/rpki/lacnic/8413a314-5025-415d-9ac6-3a58b4dd4435/f78bd13c2b85e187227e4a91f53cc2734c6103af.roa",AS12066,186.120.128.0/17,24,2013-05-06 03:00:00,2015-05-06 03:00:00
"rsync://repository.lacnic.net/rpki/lacnic/8413a314-5025-415d-9ac6-3a58b4dd4435/f78bd13c2b85e187227e4a91f53cc2734c6103af.roa",AS12066,186.149.0.0/16,24,2013-05-06 03:00:00,2015-05-06 03:00:00
"rsync://repository.lacnic.net/rpki/lacnic/8413a314-5025-415d-9ac6-3a58b4dd4435/f78bd13c2b85e187227e4a91f53cc2734c6103af.roa",AS12066,190.6.128.0/20,24,2013-05-06 03:00:00,2015-05-06 03:00:00
"rsync://repository.lacnic.net/rpki/lacnic/8413a314-5025-415d-9ac6-3a58b4dd4435/f78bd13c2b85e187227e4a91f53cc2734c6103af.roa",AS12066,190.6.144.0/20,24,2013-05-06 03:00:00,2015-05-06 03:00:00
"rsync://repository.lacnic.net/rpki/lacnic/8413a314-5025-415d-9ac6-3a58b4dd4435/f78bd13c2b85e187227e4a91f53cc2734c6103af.roa",AS12066,190.94.0.0/19,24,2013-05-06 03:00:00,2015-05-06 03:00:00
"rsync://repository.lacnic.net/rpki/lacnic/8413a314-5025-415d-9ac6-3a58b4dd4435/f78bd13c2b85e187227e4a91f53cc2734c6103af.roa",AS12066,190.94.32.0/19,24,2013-05-06 03:00:00,2015-05-06 03:00:00
"rsync://repository.lacnic.net/rpki/lacnic/8413a314-5025-415d-9ac6-3a58b4dd4435/f78bd13c2b85e187227e4a91f53cc2734c6103af.roa",AS12066,190.94.64.0/18,24,2013-05-06 03:00:00,2015-05-06 03:00:00
"rsync://repository.lacnic.net/rpki/lacnic/8413a314-5025-415d-9ac6-3a58b4dd4435/f78bd13c2b85e187227e4a91f53cc2734c6103af.roa",AS12066,200.42.192.0/19,24,2013-05-06 03:00:00,2015-05-06 03:00:00
"rsync://repository.lacnic.net/rpki/lacnic/8413a314-5025-415d-9ac6-3a58b4dd4435/f78bd13c2b85e187227e4a91f53cc2734c6103af.roa",AS12066,200.42.224.0/20,24,2013-05-06 03:00:00,2015-05-06 03:00:00
"rsync://repository.lacnic.net/rpki/lacnic/8413a314-5025-415d-9ac6-3a58b4dd4435/f78bd13c2b85e187227e4a91f53cc2734c6103af.roa",AS12066,200.42.240.0/20,24,2013-05-06 03:00:00,2015-05-06 03:00:00
"rsync://repository.lacnic.net/rpki/lacnic/8413a314-5025-415d-9ac6-3a58b4dd4435/f78bd13c2b85e187227e4a91f53cc2734c6103af.roa",AS12066,2001:13f0::/32,32,2013-05-06 03:00:00,2015-05-06 03:00:00
"rsync://repository.lacnic.net/rpki/lacnic/c472a928-a37b-45a4-b0e1-1b5932f91ad0/301d8568f298013eb36f459fb328278950cc256f.roa",AS23487,190.63.0.0/16,24,2013-05-07 03:00:00,2016-05-07 03:00:00
"rsync://repository.lacnic.net/rpki/lacnic/c472a928-a37b-45a4-b0e1-1b5932f91ad0/301d8568f298013eb36f459fb328278950cc256f.roa",AS23487,190.111.64.0/20,24,2013-05-07 03:00:00,2016-05-07 03:00:00
"rsync://repository.lacnic.net/rpki/lacnic/c472a928-a37b-45a4-b0e1-1b5932f91ad0/301d8568f298013eb36f459fb328278950cc256f.roa",AS23487,190.111.80.0/20,24,2013-05-07 03:00:00,2016-05-07 03:00:00
"rsync://repository.lacnic.net/rpki/lacnic/c472a928-a37b-45a4-b0e1-1b5932f91ad0/301d8568f298013eb36f459fb328278950cc256f.roa",AS23487,200.25.192.0/20,24,2013-05-07 03:00:00,2016-05-07 03:00:00
"rsync://repository.lacnic.net/rpki/lacnic/c472a928-a37b-45a4-b0e1-1b5932f91ad0/301d8568f298013eb36f459fb328278950cc256f.roa",AS23487,200.25.208.0/20,24,2013-05-07 03:00:00,2016-05-07 03:00:00
"rsync://repository.lacnic.net/rpki/lacnic/c472a928-a37b-45a4-b0e1-1b5932f91ad0/301d8568f298013eb36f459fb328278950cc256f.roa",AS23487,2800:430::/32,48,2013-05-07 03:00:00,2016-05-07 03:00:00
"rsync://repository.lacnic.net/rpki/lacnic/9faf3eef-a8f0-4196-9a18-8251a070dd9e/2ae4da99e0fdd84a701d057ef1bdc0acf6072d09.roa",AS26124,200.6.80.0/21,21,2013-03-21 16:23:08,2018-03-21 16:23:08
"rsync://repository.lacnic.net/rpki/lacnic/9faf3eef-a8f0-4196-9a18-8251a070dd9e/2ae4da99e0fdd84a701d057ef1bdc0acf6072d09.roa",AS26124,2803:8a00::/32,32,2013-03-21 16:23:08,2018-03-21 16:23:08
"rsync://repository.lacnic.net/rpki/lacnic/e54aad35-c03a-4e6e-a67d-d32ca9a678d0/955534cc069a3d3ad1edc628547b5370de5fbe15.roa",AS3790,200.59.22.0/23,24,2013-03-21 16:22:32,2018-03-21 16:22:32
"rsync://repository.lacnic.net/rpki/lacnic/e54aad35-c03a-4e6e-a67d-d32ca9a678d0/b37c798ad02e87621b2503ebdda3955d752d8911.roa",AS262149,2800:640::/32,32,2013-03-21 16:22:32,2018-03-21 16:22:32
"rsync://repository.lacnic.net/rpki/lacnic/e54aad35-c03a-4e6e-a67d-d32ca9a678d0/d9a2c9714174a9ca4d1d5dff17a749187932fa1b.roa",AS262149,200.59.16.0/23,24,2013-03-21 16:22:32,2018-03-21 16:22:32
"rsync://repository.lacnic.net/rpki/lacnic/e54aad35-c03a-4e6e-a67d-d32ca9a678d0/d9a2c9714174a9ca4d1d5dff17a749187932fa1b.roa",AS262149,200.59.18.0/23,24,2013-03-21 16:22:32,2018-03-21 16:22:32
"rsync://repository.lacnic.net/rpki/lacnic/e54aad35-c03a-4e6e-a67d-d32ca9a678d0/d9a2c9714174a9ca4d1d5dff17a749187932fa1b.roa",AS262149,200.59.20.0/23,24,2013-03-21 16:22:32,2018-03-21 16:22:32
"rsync://repository.lacnic.net/rpki/lacnic/6945eba8-da1f-4090-bc84-c88c0e816f7a/1380bfa7effe15f647c174b484ca6dd99c1036e8.roa",AS52342,186.148.212.0/22,24,2013-03-21 16:22:27,2018-03-21 16:22:27
"rsync://repository.lacnic.net/rpki/lacnic/6945eba8-da1f-4090-bc84-c88c0e816f7a/1380bfa7effe15f647c174b484ca6dd99c1036e8.roa",AS52342,2800:9b0::/32,48,2013-03-21 16:22:27,2018-03-21 16:22:27
"rsync://repository.lacnic.net/rpki/lacnic/ab6cf084-6d6f-480a-a162-caa9a8c75fa8/005f86440a35f4d298ee450d1b66bb4046cd29cd.roa",AS52476,190.113.84.0/22,24,2013-05-31 03:00:00,2020-05-31 03:00:00
"rsync://repository.lacnic.net/rpki/lacnic/ab6cf084-6d6f-480a-a162-caa9a8c75fa8/005f86440a35f4d298ee450d1b66bb4046cd29cd.roa",AS52476,2803:5b00::/32,32,2013-05-31 03:00:00,2020-05-31 03:00:00
"rsync://repository.lacnic.net/rpki/lacnic/3ee3f25e-9661-4b86-9c6c-ef70ff844ffe/c3a512b4b5855d938761397994601f46c8dea835.roa",AS27762,190.121.240.0/20,20,2013-03-21 16:19:13,2018-03-21 16:19:13
"rsync://repository.lacnic.net/rpki/lacnic/d983599e-6a21-4306-a4a5-520c8abe4c3a/bd92915e514cccb1b8298a55652643ca045af8c7.roa",AS23383,190.124.16.0/22,22,2013-06-28 03:00:00,2015-06-28 03:00:00
"rsync://repository.lacnic.net/rpki/lacnic/d983599e-6a21-4306-a4a5-520c8abe4c3a/bd92915e514cccb1b8298a55652643ca045af8c7.roa",AS23383,190.124.20.0/22,22,2013-06-28 03:00:00,2015-06-28 03:00:00
"rsync://repository.lacnic.net/rpki/lacnic/d983599e-6a21-4306-a4a5-520c8abe4c3a/bd92915e514cccb1b8298a55652643ca045af8c7.roa",AS23383,2803:b700::/32,32,2013-06-28 03:00:00,2015-06-28 03:00:00
"rsync://repository.lacnic.net/rpki/lacnic/57faad16-cb2a-4529-9b04-bd5cba66d8c8/203c4e151ca865ff58fdb5e94c2bbdac393adc99.roa",AS20207,190.7.0.0/19,24,2013-03-21 16:19:59,2018-03-21 16:19:59
"rsync://repository.lacnic.net/rpki/lacnic/57faad16-cb2a-4529-9b04-bd5cba66d8c8/203c4e151ca865ff58fdb5e94c2bbdac393adc99.roa",AS20207,190.7.32.0/19,24,2013-03-21 16:19:59,2018-03-21 16:19:59
"rsync://repository.lacnic.net/rpki/lacnic/57faad16-cb2a-4529-9b04-bd5cba66d8c8/203c4e151ca865ff58fdb5e94c2bbdac393adc99.roa",AS20207,190.57.224.0/19,24,2013-03-21 16:19:59,2018-03-21 16:19:59
"rsync://repository.lacnic.net/rpki/lacnic/57faad16-cb2a-4529-9b04-bd5cba66d8c8/203c4e151ca865ff58fdb5e94c2bbdac393adc99.roa",AS20207,190.183.0.0/18,24,2013-03-21 16:19:59,2018-03-21 16:19:59
"rsync://repository.lacnic.net/rpki/lacnic/57faad16-cb2a-4529-9b04-bd5cba66d8c8/203c4e151ca865ff58fdb5e94c2bbdac393adc99.roa",AS20207,190.183.64.0/18,24,2013-03-21 16:19:59,2018-03-21 16:19:59
"rsync://repository.lacnic.net/rpki/lacnic/57faad16-cb2a-4529-9b04-bd5cba66d8c8/203c4e151ca865ff58fdb5e94c2bbdac393adc99.roa",AS20207,190.183.128.0/18,24,2013-03-21 16:19:59,2018-03-21 16:19:59
"rsync://repository.lacnic.net/rpki/lacnic/57faad16-cb2a-4529-9b04-bd5cba66d8c8/203c4e151ca865ff58fdb5e94c2bbdac393adc99.roa",AS20207,190.183.192.0/19,24,2013-03-21 16:19:59,2018-03-21 16:19:59
"rsync://repository.lacnic.net/rpki/lacnic/57faad16-cb2a-4529-9b04-bd5cba66d8c8/203c4e151ca865ff58fdb5e94c2bbdac393adc99.roa",AS20207,190.183.224.0/19,24,2013-03-21 16:19:59,2018-03-21 16:19:59
"rsync://repository.lacnic.net/rpki/lacnic/57faad16-cb2a-4529-9b04-bd5cba66d8c8/203c4e151ca865ff58fdb5e94c2bbdac393adc99.roa",AS20207,2800:6f0::/32,48,2013-03-21 16:19:59,2018-03-21 16:19:59
"rsync://repository.lacnic.net/rpki/lacnic/57faad16-cb2a-4529-9b04-bd5cba66d8c8/b8bf1820386eb3ea575134731e84ca89a580b517.roa",AS20207,190.7.0.0/19,24,2013-03-21 16:19:59,2018-03-21 16:19:59
"rsync://repository.lacnic.net/rpki/lacnic/57faad16-cb2a-4529-9b04-bd5cba66d8c8/b8bf1820386eb3ea575134731e84ca89a580b517.roa",AS20207,190.7.32.0/19,24,2013-03-21 16:19:59,2018-03-21 16:19:59
"rsync://repository.lacnic.net/rpki/lacnic/57faad16-cb2a-4529-9b04-bd5cba66d8c8/b8bf1820386eb3ea575134731e84ca89a580b517.roa",AS20207,190.57.224.0/19,24,2013-03-21 16:19:59,2018-03-21 16:19:59
"rsync://repository.lacnic.net/rpki/lacnic/57faad16-cb2a-4529-9b04-bd5cba66d8c8/b8bf1820386eb3ea575134731e84ca89a580b517.roa",AS20207,190.183.0.0/18,24,2013-03-21 16:19:59,2018-03-21 16:19:59
"rsync://repository.lacnic.net/rpki/lacnic/57faad16-cb2a-4529-9b04-bd5cba66d8c8/b8bf1820386eb3ea575134731e84ca89a580b517.roa",AS20207,190.183.64.0/18,24,2013-03-21 16:19:59,2018-03-21 16:19:59
"rsync://repository.lacnic.net/rpki/lacnic/57faad16-cb2a-4529-9b04-bd5cba66d8c8/b8bf1820386eb3ea575134731e84ca89a580b517.roa",AS20207,190.183.128.0/18,24,2013-03-21 16:19:59,2018-03-21 16:19:59
"rsync://repository.lacnic.net/rpki/lacnic/57faad16-cb2a-4529-9b04-bd5cba66d8c8/b8bf1820386eb3ea575134731e84ca89a580b517.roa",AS20207,190.183.192.0/19,24,2013-03-21 16:19:59,2018-03-21 16:19:59
"rsync://repository.lacnic.net/rpki/lacnic/57faad16-cb2a-4529-9b04-bd5cba66d8c8/b8bf1820386eb3ea575134731e84ca89a580b517.roa",AS20207,190.183.224.0/19,24,2013-03-21 16:19:59,2018-03-21 16:19:59
"rsync://repository.lacnic.net/rpki/lacnic/57faad16-cb2a-4529-9b04-bd5cba66d8c8/b8bf1820386eb3ea575134731e84ca89a580b517.roa",AS20207,2800:6f0::/32,48,2013-03-21 16:19:59,2018-03-21 16:19:59
"rsync://repository.lacnic.net/rpki/lacnic/ca246b95-f06b-44ac-ae5d-6a173475ee6e/f523e559cecc35b1bea6485555b60e3434d4118a.roa",AS262221,190.113.240.0/22,22,2013-03-21 16:22:51,2018-03-21 16:22:51
"rsync://repository.lacnic.net/rpki/lacnic/cf92148b-ed77-4a6b-9724-4ed5d1032937/086b8d4d3d76569641451dcaf99b4e386cabd772.roa",AS11081,200.7.184.0/21,21,2013-03-21 16:19:16,2018-03-21 16:19:16
"rsync://repository.lacnic.net/rpki/lacnic/ea6eddf3-5b76-41eb-a46f-cde469867820/145d94d2b3487a7ee98c1eed2174b444f1239c16.roa",AS7303,190.103.231.0/24,24,2013-03-21 16:20:24,2018-03-21 16:20:24
"rsync://repository.lacnic.net/rpki/lacnic/ea6eddf3-5b76-41eb-a46f-cde469867820/145d94d2b3487a7ee98c1eed2174b444f1239c16.roa",AS7303,190.185.192.0/23,24,2013-03-21 16:20:24,2018-03-21 16:20:24
"rsync://repository.lacnic.net/rpki/lacnic/ea6eddf3-5b76-41eb-a46f-cde469867820/145d94d2b3487a7ee98c1eed2174b444f1239c16.roa",AS7303,190.185.227.0/24,24,2013-03-21 16:20:24,2018-03-21 16:20:24
"rsync://repository.lacnic.net/rpki/lacnic/ea6eddf3-5b76-41eb-a46f-cde469867820/7eb74da6b259a31b27af135f22d23f7e83273ea7.roa",AS27983,190.103.224.0/20,24,2013-03-21 03:00:00,2018-03-21 03:00:00
"rsync://repository.lacnic.net/rpki/lacnic/ea6eddf3-5b76-41eb-a46f-cde469867820/7eb74da6b259a31b27af135f22d23f7e83273ea7.roa",AS27983,190.103.240.0/20,24,2013-03-21 03:00:00,2018-03-21 03:00:00
"rsync://repository.lacnic.net/rpki/lacnic/ea6eddf3-5b76-41eb-a46f-cde469867820/7eb74da6b259a31b27af135f22d23f7e83273ea7.roa",AS27983,190.185.128.0/18,24,2013-03-21 03:00:00,2018-03-21 03:00:00
"rsync://repository.lacnic.net/rpki/lacnic/ea6eddf3-5b76-41eb-a46f-cde469867820/7eb74da6b259a31b27af135f22d23f7e83273ea7.roa",AS27983,190.185.192.0/18,24,2013-03-21 03:00:00,2018-03-21 03:00:00
"rsync://repository.lacnic.net/rpki/lacnic/ea6eddf3-5b76-41eb-a46f-cde469867820/7eb74da6b259a31b27af135f22d23f7e83273ea7.roa",AS27983,190.182.128.0/17,24,2013-03-21 03:00:00,2018-03-21 03:00:00
"rsync://repository.lacnic.net/rpki/lacnic/ea6eddf3-5b76-41eb-a46f-cde469867820/7eb74da6b259a31b27af135f22d23f7e83273ea7.roa",AS27983,179.62.0.0/16,24,2013-03-21 03:00:00,2018-03-21 03:00:00
"rsync://repository.lacnic.net/rpki/lacnic/ea6eddf3-5b76-41eb-a46f-cde469867820/7eb74da6b259a31b27af135f22d23f7e83273ea7.roa",AS27983,2800:850::/32,48,2013-03-21 03:00:00,2018-03-21 03:00:00
"rsync://repository.lacnic.net/rpki/lacnic/5216cc54-eefc-4ec6-b4d4-6190d947a09a/11985765a53ef960824954b365840b73d62afa1e.roa",AS52385,200.107.82.0/23,24,2013-03-21 16:22:23,2018-03-21 16:22:23
"rsync://repository.lacnic.net/rpki/lacnic/5216cc54-eefc-4ec6-b4d4-6190d947a09a/11985765a53ef960824954b365840b73d62afa1e.roa",AS52385,2001:13c7:7004::/48,64,2013-03-21 16:22:23,2018-03-21 16:22:23
"rsync://repository.lacnic.net/rpki/lacnic/16d702a6-6a7e-41c0-b44d-822d22c9e365/c1351d65b4204e107c5c4924dcc878edc152ec65.roa",AS52268,190.104.64.0/20,24,2013-03-21 16:19:44,2018-03-21 16:19:44
"rsync://repository.lacnic.net/rpki/lacnic/16d702a6-6a7e-41c0-b44d-822d22c9e365/c1351d65b4204e107c5c4924dcc878edc152ec65.roa",AS52268,2800:a80::/32,32,2013-03-21 16:19:44,2018-03-21 16:19:44
"rsync://repository.lacnic.net/rpki/lacnic/cf48dfbd-e974-4ca5-83e5-008f855b4253/1073de9f3033227d7e43dbabca3246db8f97556d.roa",AS27792,181.189.192.0/19,24,2013-03-21 16:20:46,2018-03-21 16:20:46
"rsync://repository.lacnic.net/rpki/lacnic/cf48dfbd-e974-4ca5-83e5-008f855b4253/1073de9f3033227d7e43dbabca3246db8f97556d.roa",AS27792,190.6.96.0/20,24,2013-03-21 16:20:46,2018-03-21 16:20:46
"rsync://repository.lacnic.net/rpki/lacnic/cf48dfbd-e974-4ca5-83e5-008f855b4253/1073de9f3033227d7e43dbabca3246db8f97556d.roa",AS27792,190.6.112.0/21,24,2013-03-21 16:20:46,2018-03-21 16:20:46
"rsync://repository.lacnic.net/rpki/lacnic/cf48dfbd-e974-4ca5-83e5-008f855b4253/1073de9f3033227d7e43dbabca3246db8f97556d.roa",AS27792,200.2.120.0/21,24,2013-03-21 16:20:46,2018-03-21 16:20:46
"rsync://repository.lacnic.net/rpki/lacnic/cf48dfbd-e974-4ca5-83e5-008f855b4253/1073de9f3033227d7e43dbabca3246db8f97556d.roa",AS27792,2800:5a0::/32,35,2013-03-21 16:20:46,2018-03-21 16:20:46
"rsync://repository.lacnic.net/rpki/lacnic/166aefc0-c836-4e1e-b178-19fb8b641929/5bb0654e546de48b68c10c82357bedd6f6a3b3e8.roa",AS28110,190.124.248.0/24,24,2013-03-21 03:00:00,2018-03-21 03:00:00
"rsync://repository.lacnic.net/rpki/lacnic/166aefc0-c836-4e1e-b178-19fb8b641929/5bb0654e546de48b68c10c82357bedd6f6a3b3e8.roa",AS28110,190.124.249.0/24,24,2013-03-21 03:00:00,2018-03-21 03:00:00
"rsync://repository.lacnic.net/rpki/lacnic/166aefc0-c836-4e1e-b178-19fb8b641929/5bb0654e546de48b68c10c82357bedd6f6a3b3e8.roa",AS28110,190.124.250.0/24,24,2013-03-21 03:00:00,2018-03-21 03:00:00
"rsync://repository.lacnic.net/rpki/lacnic/166aefc0-c836-4e1e-b178-19fb8b641929/5bb0654e546de48b68c10c82357bedd6f6a3b3e8.roa",AS28110,190.124.251.0/24,24,2013-03-21 03:00:00,2018-03-21 03:00:00
"rsync://repository.lacnic.net/rpki/lacnic/166aefc0-c836-4e1e-b178-19fb8b641929/5bb0654e546de48b68c10c82357bedd6f6a3b3e8.roa",AS28110,190.184.196.0/24,24,2013-03-21 03:00:00,2018-03-21 03:00:00
"rsync://repository.lacnic.net/rpki/lacnic/166aefc0-c836-4e1e-b178-19fb8b641929/5bb0654e546de48b68c10c82357bedd6f6a3b3e8.roa",AS28110,190.184.197.0/24,24,2013-03-21 03:00:00,2018-03-21 03:00:00
"rsync://repository.lacnic.net/rpki/lacnic/166aefc0-c836-4e1e-b178-19fb8b641929/5bb0654e546de48b68c10c82357bedd6f6a3b3e8.roa",AS28110,190.184.198.0/24,24,2013-03-21 03:00:00,2018-03-21 03:00:00
"rsync://repository.lacnic.net/rpki/lacnic/166aefc0-c836-4e1e-b178-19fb8b641929/5bb0654e546de48b68c10c82357bedd6f6a3b3e8.roa",AS28110,190.184.199.0/24,24,2013-03-21 03:00:00,2018-03-21 03:00:00
"rsync://repository.lacnic.net/rpki/lacnic/166aefc0-c836-4e1e-b178-19fb8b641929/5bb0654e546de48b68c10c82357bedd6f6a3b3e8.roa",AS28110,2800:c20::/32,32,2013-03-21 03:00:00,2018-03-21 03:00:00
"rsync://repository.lacnic.net/rpki/lacnic/486e6454-0a35-453f-8c24-0620f11781a3/56edfe90f0322acff0a56d7d2eac5ae83c5fe716.roa",AS27659,190.14.48.0/20,20,2013-03-21 16:21:16,2018-03-21 16:21:16
"rsync://repository.lacnic.net/rpki/lacnic/486e6454-0a35-453f-8c24-0620f11781a3/56edfe90f0322acff0a56d7d2eac5ae83c5fe716.roa",AS27659,200.6.96.0/20,20,2013-03-21 16:21:16,2018-03-21 16:21:16
"rsync://repository.lacnic.net/rpki/lacnic/486e6454-0a35-453f-8c24-0620f11781a3/56edfe90f0322acff0a56d7d2eac5ae83c5fe716.roa",AS27659,200.6.112.0/20,20,2013-03-21 16:21:16,2018-03-21 16:21:16
"rsync://repository.lacnic.net/rpki/lacnic/486e6454-0a35-453f-8c24-0620f11781a3/56edfe90f0322acff0a56d7d2eac5ae83c5fe716.roa",AS27659,2803:aa00::/32,32,2013-03-21 16:21:16,2018-03-21 16:21:16
"rsync://repository.lacnic.net/rpki/lacnic/e7a02cdc-2381-45a5-90bc-706477929001/aca78c2dcad4d4ffa3c51cb802c0f58b67105c98.roa",AS20255,200.108.192.0/18,24,2013-03-21 17:10:19,2018-03-21 17:10:19
"rsync://repository.lacnic.net/rpki/lacnic/e7a02cdc-2381-45a5-90bc-706477929001/aca78c2dcad4d4ffa3c51cb802c0f58b67105c98.roa",AS20255,201.221.0.0/19,24,2013-03-21 17:10:19,2018-03-21 17:10:19
"rsync://repository.lacnic.net/rpki/lacnic/e7a02cdc-2381-45a5-90bc-706477929001/aca78c2dcad4d4ffa3c51cb802c0f58b67105c98.roa",AS20255,190.108.0.0/19,21,2013-03-21 17:10:19,2018-03-21 17:10:19
"rsync://repository.lacnic.net/rpki/lacnic/3e99b931-8ddc-4864-bea6-8def754c3db6/11698561aaa7eda5ac4547d18191b5ff9ab2da9e.roa",AS32034,181.199.128.0/20,20,2013-07-19 03:00:00,2015-07-19 03:00:00
"rsync://repository.lacnic.net/rpki/lacnic/3e99b931-8ddc-4864-bea6-8def754c3db6/11698561aaa7eda5ac4547d18191b5ff9ab2da9e.roa",AS32034,186.64.124.0/22,22,2013-07-19 03:00:00,2015-07-19 03:00:00
"rsync://repository.lacnic.net/rpki/lacnic/3e99b931-8ddc-4864-bea6-8def754c3db6/11698561aaa7eda5ac4547d18191b5ff9ab2da9e.roa",AS32034,2803:6500::/32,32,2013-07-19 03:00:00,2015-07-19 03:00:00
"rsync://repository.lacnic.net/rpki/lacnic/6533c55d-07a2-4ca4-b42b-dd5d39115dad/c947b8962e5b6ddc6c0ba213bd1e195aea805ee5.roa",AS27932,179.63.252.0/22,22,2013-06-06 03:00:00,2015-06-06 03:00:00
"rsync://repository.lacnic.net/rpki/lacnic/6533c55d-07a2-4ca4-b42b-dd5d39115dad/c947b8962e5b6ddc6c0ba213bd1e195aea805ee5.roa",AS27932,2803:a700::/32,32,2013-06-06 03:00:00,2015-06-06 03:00:00
"rsync://repository.lacnic.net/rpki/lacnic/a160d1fd-04d6-430b-a8a3-f87fa043fbd3/10b710691eecd9afef659a76850636fb855a9f96.roa",AS27980,200.1.7.0/24,24,2013-03-21 16:20:48,2018-03-21 16:20:48
"rsync://repository.lacnic.net/rpki/lacnic/e4f69543-4d8e-4346-be7c-688608eb37b5/0105c999e702302aa7e123c4643f39e63c6e55cf.roa",AS11960,200.0.16.0/24,32,2013-03-21 16:22:38,2018-03-21 16:22:38
"rsync://repository.lacnic.net/rpki/lacnic/e4f69543-4d8e-4346-be7c-688608eb37b5/8e40b00bf473d15c5dbb3d1235198c46245b44b7.roa",AS11960,2001:13c8::/32,128,2013-03-21 16:22:38,2018-03-21 16:22:38
